Species,SAMEA3136748,SAMEA3136769,SAMEA3136751,SAMEA3136738,SAMEA3136747,SAMEA3136743,SAMEA3136754,SAMEA3136765,SAMEA3136724,SAMEA3136755,SAMEA3136766,SAMEA3136728,SAMEA3136756,SAMEA3136753,SAMEA3136737,SAMEA3136726,SAMEA3136734,SAMEA3136758,SAMEA3136750,SAMEA3136742,SAMEA3136760,SAMEA3136727,SAMEA3136752,SAMEA3136740,SAMEA3136731,SAMEA3136729,SAMEA3136767,SAMEA3136761,SAMEA3136725,SAMEA3136763,SAMEA3136732,SAMEA3136746,SAMEA3136759,SAMEA3136733,SAMEA3136757,SAMEA3136768,SAMEA3136749,SAMEA3136730,SAMEA3136744,SAMEA3136764,SAMEA3136735,SAMEA3136745,SAMEA3136741,SAMEA3136739,SAMEA3136762,SAMEA3136736,CCIS02379307ST-4-0,CCIS06260551ST-3-0,CCIS11015875ST-4-0,CCIS12370844ST-4-0,CCIS12656533ST-4-0,CCIS14449628ST-4-0,CCIS15704761ST-4-0,CCIS17669415ST-4-0,CCIS21278152ST-4-0,CCIS22416007ST-4-0,CCIS22958137ST-20-0,CCIS24254057ST-4-0,CCIS33816588ST-4-0,CCIS34055159ST-4-0,CCIS35100175ST-4-0,CCIS38765456ST-20-0,CCIS40244499ST-3-0,CCIS41222843ST-4-0,CCIS41288781ST-4-0,CCIS41548810ST-4-0,CCIS44757994ST-4-0,CCIS46047672ST-4-0,CCIS46467422ST-4-0,CCIS47284573ST-4-0,CCIS48725289ST-4-0,CCIS50148151ST-4-0,CCIS52370277ST-4-0,CCIS53043478ST-4-0,CCIS53355328ST-4-0,CCIS55230578ST-4-0,CCIS58234805ST-4-0,CCIS59132091ST-4-0,CCIS61287323ST-4-0,CCIS62605362ST-3-0,CCIS62794166ST-4-0,CCIS65479369ST-4-0,CCIS71301801ST-4-0,CCIS72607085ST-4-0,CCIS76845094ST-20-0,CCIS77252613ST-4-0,CCIS78318719ST-4-0,CCIS81887263ST-4-0,CCIS82146115ST-4-0,CCIS83870198ST-4-0,CCIS84543192ST-4-0,CCIS85214191ST-3-0,CCIS87116798ST-4-0,CCIS87167916ST-4-0,CCIS87252800ST-4-0,CCIS87605453ST-4-0,CCIS91228662ST-4-0,CCIS98512455ST-4-0,CCIS98832363ST-4-0,CCMD11006829ST-21-0,CCMD12232071ST-21-0,CCMD13071240ST-21-0,CCMD13934959ST-21-0,CCMD14479708ST-21-0,CCMD18872694ST-21-0,CCMD19168690ST-11-0,CCMD19497912ST-21-0,CCMD21593359ST-11-0,CCMD21703880ST-11-0,CCMD23101338ST-21-0,CCMD25511638ST-21-0,CCMD25963797ST-21-0,CCMD26709089ST-21-0,CCMD26925580ST-21-0,CCMD27463710ST-11-0,CCMD34381688ST-21-0,CCMD35633353ST-11-0,CCMD35802077ST-21-0,CCMD40701343ST-21-0,CCMD42428553ST-21-0,CCMD42956136ST-11-0,CCMD45988061ST-21-0,CCMD46222674ST-21-0,CCMD46947453ST-21-0,CCMD48236717ST-21-0,CCMD49461418ST-11-0,CCMD50071957ST-21-0,CCMD51864103ST-21-0,CCMD52117727ST-11-0,CCMD52145360ST-11-0,CCMD59583015ST-11-0,CCMD60079086ST-21-0,CCMD63399960ST-21-0,CCMD64503764ST-21-0,CCMD64776337ST-21-0,CCMD65222621ST-11-0,CCMD65406197ST-11-0,CCMD71242853ST-11-0,CCMD71915439ST-11-0,CCMD72690923ST-11-0,CCMD72895164ST-21-0,CCMD74930188ST-21-0,CCMD76222476ST-11-0,CCMD79349503ST-11-0,CCMD79987997ST-21-0,CCMD82866709ST-21-0,CCMD86114146ST-21-0,CCMD86707194ST-21-0,CCMD87156761ST-21-0,CCMD88272491ST-21-0,CCMD89306485ST-11-0,CCMD90311071ST-21-0,CCMD92404903ST-11-0,CCMD93344354ST-21-0,CCMD95431029ST-11-0,CCMD95433940ST-21-0,CCMD95676152ST-11-0,CCMD96553385ST-21-0,CCMD98531134ST-11-0,MMRS12272136ST-27-0-0,MMRS14379078ST-27-0-0,MMRS14602194ST-27-0-0,MMRS15137911ST-27-0-0,MMRS16644320ST-27-0-0,MMRS18295921ST-27-0-0,MMRS24340226ST-27-0-0,MMRS25641480ST-27-0-0,MMRS31306426ST-27-0-0,MMRS34525504ST-27-0-0,MMRS41266697ST-27-0-0,MMRS41711735ST-27-0-0,MMRS42780924ST-27-0-0,MMRS43563715ST-27-0-0,MMRS43939546ST-27-0-0,MMRS44197125ST-27-0-0,MMRS44203591ST-27-0-0,MMRS44587603ST-27-0-0,MMRS47662059ST-27-0-0,MMRS47685461ST-27-0-0,MMRS51410669ST-27-0-0,MMRS51728985ST-27-0-0,MMRS54316675ST-27-0-0,MMRS55294627ST-27-0-0,MMRS59699117ST-27-0-0,MMRS62376181ST-27-0-0,MMRS64281211ST-27-0-0,MMRS65205033ST-27-0-0,MMRS65945127ST-27-0-0,MMRS67247116ST-27-0-0,MMRS68910755ST-27-0-0,MMRS71762412ST-27-0-0,MMRS72802364ST-27-0-0,MMRS72980899ST-27-0-0,MMRS77018926ST-27-0-0,MMRS77321055ST-27-0-0,MMRS77487595ST-27-0-0,MMRS78791111ST-27-0-0,MMRS80093644ST-27-0-0,MMRS81194191ST-27-0-0,MMRS81671217ST-27-0-0,MMRS84954772ST-27-0-0,MMRS85382779ST-27-0-0,MMRS86178473ST-27-0-0,MMRS86958796ST-27-0-0,MMRS90191266ST-27-0-0,MMRS92544445ST-27-0-0,MMRS93508324ST-27-0-0,MMRS96422329ST-27-0-0,MMRS97052561ST-27-0-0,MMRS97327636ST-27-0-0,MMRS99045180ST-27-0-0,ERR1018185,ERR1018186,ERR1018187,ERR1018188,ERR1018189,ERR1018190,ERR1018191,ERR1018192,ERR1018194,ERR1018196,ERR1018197,ERR1018198,ERR1018199,ERR1018200,ERR1018201,ERR1018202,ERR1018203,ERR1018204,ERR1018206,ERR1018207,ERR1018208,ERR1018210,ERR1018211,ERR1018212,ERR1018213,ERR1018214,ERR1018215,ERR1018216,ERR1018218,ERR1018219,ERR1018220,ERR1018221,ERR1018222,ERR1018223,ERR1018224,ERR1018225,ERR1018226,ERR1018227,ERR1018228,ERR1018229,ERR1018230,ERR1018231,ERR1018279,ERR1018280,ERR1018281,ERR1018282,ERR1018283,ERR1018284,ERR1018285,ERR1018286,ERR1018287,ERR1018288,ERR1018289,ERR1018290,ERR1018291,ERR1018292,ERR1018293,ERR1018294,ERR1018295,ERR1018296,ERR1018297,ERR1018298,ERR1018299,ERR1018300,ERR1018301,ERR1018302,ERR1018303,ERR1018304,ERR1018305,ERR1018306,ERR1018307,ERR1018310,ERR1018311,ERR1018312
s__Faecalibacterium_prausnitzii,21.04449,0.05886,12.07417,1.87604,5.81004,14.2179,7.24909,0.86966,3.87717,2.38622,1.36408,4.64261,0.51333,0.73877,0.66616,7.39138,0.49977,5.5067,0.86375,0.44461,6.87794,28.84901,2.72756,19.01713,15.67965,1.07089,1.81568,0.93157,7.62539,0.41777,11.40141,14.03369,9.4369,8.61936,9.20565,0.06912,15.20747,0.80157,0.2121,2.78541,13.53891,11.47536,1.15569,2.7844,9.48795,8.21054,3.3287,0.24754,11.22674,0.7906,1.15535,7.60179,0,5.4622,9.12306,12.68349,2.37375,0.24522,1.92843,9.64676,23.77403,4.84436,6.59713,4.11739,0,11.10189,3.14836,0.25607,2.19063,6.6875,13.85383,9.19291,9.47927,9.72903,0.99555,7.44982,0.40073,1.05223,5.10834,7.08289,6.455,3.93587,1.2723,0.20552,15.0221,18.10296,13.61103,7.14097,7.87597,33.19723,6.61397,0.29652,1.4585,2.8053,0.39156,2.02333,11.48597,4.40579,13.74392,0.39815,2.81873,2.95945,7.72558,8.87655,11.93822,10.8439,14.11189,3.25178,1.18608,11.41728,0.85221,1.15209,6.43525,17.30181,2.12564,37.12793,8.06324,14.71831,0.01852,3.89941,0.13338,4.98452,12.80941,15.84028,9.87571,21.40588,11.39805,12.04233,4.898,12.96914,16.86796,14.07613,11.55524,1.16849,7.32751,12.05808,0.2099,18.4401,2.04829,3.17063,9.62375,15.73735,34.94753,12.32021,0,8.69351,10.01857,20.5963,9.15217,1.51318,46.65255,12.38757,0.01189,20.11856,25.20591,14.7243,11.52626,11.19695,4.16,14.22585,9.56187,14.18491,1.0686,15.29287,14.83023,5.59951,26.21306,0.43518,5.67226,8.03678,10.58384,2.54154,16.60968,18.53902,1.5994,1.06755,20.25065,11.63353,0.12359,19.90188,3.2158,9.23367,9.00414,0.70555,11.11502,0.95269,16.79068,0.22911,18.22895,0.22222,2.90834,8.29835,0.14644,27.61771,23.81847,8.28855,11.3971,1.32129,15.72135,19.01777,8.85543,14.12495,16.43136,19.01665,15.71322,2.37752,10.87938,10.75276,1.96403,0.13644,0.41055,3.6614,6.23071,0.84944,4.11389,2.45967,0.58639,0.01087,0.00586,0.7541,3.04653,3.51422,4.08099,0.01786,0.54895,1.61459,0.50208,0.42452,0.00088,12.69882,2.03648,0.34855,0.00308,1.34488,0.63355,0.92904,0.7602,13.47057,2.24307,11.15615,0.5841,4.43815,0.86938,2.9178,7.89251,11.45589,9.78798,6.67831,1.62085,10.68794,49.05868,7.12604,6.12502,0.11489,28.59839,0.96302,0.95377,2.11545,2.14166,13.19889,17.3562,4.98815,0.41371,1.04624,9.15258,1.11701,3.90654,0.26022,5.09849,8.18355,11.00438,3.3883,0.71175,0,4.62868,2.47428,1.33094,10.35103,0.02827,15.57631,4.69363,2.25144,8.83913,14.64232,0.06553
s__Akkermansia_muciniphila,0,0,0,2.35355,0,10.54328,6.00547,0.47317,0.02978,0.12812,0.35163,0,0.21125,0,60.36024,4.09805,0,0.76973,10.51519,29.70731,0.11984,4.84864,2.03986,0,17.14503,0.01153,0.28902,4.52589,0,15.5261,26.20682,0.75762,2.03677,0.62216,1.18847,0,2.71229,0.0735,39.38744,0,0,4.77855,8.1847,0,0.03966,0,0.82056,2.19316,1.38291,0.33745,49.25282,0,0,1.56372,1.45081,0,2.50539,33.36158,1.61746,0.02388,0,0.20344,0,1.919,0.04648,1.25012,19.07606,1.742,0,1.8489,0.14921,0,3.1282,0,11.66847,0.00712,9.99254,3.21659,0.10667,0,4.43888,0,0,25.21679,0,0,0.00678,4.37299,0,2.44056,4.58704,0,1.78082,1.72075,0,0,0.05969,0,16.44931,0,5.54975,0,0.01233,23.91131,0,0,0,0,5.99317,1.19987,4.91583,21.11208,1.74856,4.32568,1.41476,0.05699,32.6987,2.66448,0.08425,9.73916,0,0.06562,0.00199,0,0.00958,0,0.75344,0.09597,0.09374,0.9784,0.06758,0,0.53481,0,20.4317,22.73193,0,3.70604,0,1.25474,2.26032,0.20755,0,0,42.62666,10.3142,0.09924,0,0,0.05597,0.29988,0.10274,44.40742,0,13.50937,1.19668,0.02487,0,0.82931,0,0,0,7.53394,0.47031,0,0.0119,1.14562,0.06267,0.09986,2.66846,1.01223,4.61098,0.54178,0,0,1.64019,0.08168,0.07236,0,0,0,0,0.0029,0,0,1.51662,0.57798,8.9289,0,0,5.69758,12.38588,12.57894,0.00472,0.04582,7.48602,0.00309,1.44653,0,0.14837,0.2167,0.00498,6.08736,7.77251,0,1.61969,2.65879,6.73997,0.75298,0,0,30.63129,17.5344,0.01582,7.08288,16.75671,0.00639,0.00711,0.00699,0.32489,0.02976,0.02809,0.0081,0.02492,13.27874,0.06036,0.0456,6.68093,61.87255,0.29647,0.00607,0.01187,0.77978,1.0178,0.43525,0.15328,0,0,0.0162,0,0.00295,0.00982,11.42662,37.95516,0.4985,0,0,0.12307,0,0,0.05919,13.92702,3.03504,0,0,11.60228,0.0038,0,0,0,0,0,0,9.47369,0.00635,0,0,41.6588,2.42745,0.00896,0,0.05001,19.88242,0,0.00505,0.01376,7.16929,0,0.20833,0,0,0.03097,0,0,0.04693
s__Eubacterium_rectale,0.5838,1.98993,1.42814,0,0,1.83486,0.65586,0.19407,0.5115,5.49773,0.84058,13.22938,0.31015,0,1.2552,3.64288,0.02603,2.19904,0.12292,0.46268,7.01781,0.04256,0.161,4.22368,3.08144,0.44679,0.26544,0.1468,0,2.77507,4.60398,5.32429,1.68614,16.31077,2.9639,0,11.18142,4.69142,15.49911,0.41192,2.30793,0.34284,10.80977,0.90859,0.36403,5.94712,7.27709,0.25331,4.59489,1.53466,0.02575,1.72923,0.24951,0.42415,1.22255,0.16662,0.61537,0.00449,0.12439,1.56332,0.04925,0.08466,0.28765,10.73408,0,1.05975,0,0.12106,3.83831,1.4081,13.2038,0,4.96547,0.60074,2.61316,3.18883,3.95476,0.26757,8.12302,0.33626,0.03552,0,8.31379,0.31364,7.33132,2.31285,1.84682,0.05187,17.21206,0.79756,4.99129,0,0.82909,0.34096,0,0.11013,0,0.04533,0.08821,0.4853,0.2685,15.3056,15.3281,0.66326,17.79732,0,0.36613,0.65841,0,9.39408,0.54444,13.9645,24.63243,0.44847,3.78332,7.70681,0.89248,0.13779,0.02473,1.23306,0,4.17187,3.73197,5.74835,7.17152,10.13888,0.2489,26.0481,7.14128,5.8897,28.89199,0.04452,6.2364,0.11696,5.89932,0.22811,0.85849,11.53706,1.44696,1.39683,7.97742,5.25551,2.9281,0,3.38729,3.89436,1.67907,14.01339,2.23633,0.16933,6.22306,7.07943,0.34832,14.9882,8.0457,13.01953,2.31861,0.18758,4.91763,7.5946,26.78883,6.36402,1.01036,6.52795,3.7842,0.05436,6.05769,1.09532,1.70621,1.41104,8.12849,1.41576,1.49498,15.46213,0.13112,0.26208,1.38656,2.48742,0.05039,6.10575,0.35471,6.06518,1.99853,12.30015,4.58104,0.04638,3.5866,0.16515,5.34949,0.06498,6.84402,0.72512,0.0301,9.90147,8.77845,2.82454,6.41604,1.87402,0.0538,9.90548,1.79669,5.7224,5.88402,7.70859,4.8608,2.56312,5.42755,3.82251,3.57462,0.0214,9.80784,1.75273,0,0.02225,0,1.46167,1.82098,5.00E-04,0,0.00085,0.01675,1.46475,2.41465,0,0.00102,5.63667,0,0.05098,0.00899,0.068,0,1.05882,0.0276,0.03272,0.11767,23.70186,0.86527,0.8872,0.00206,24.30936,1.62678,6.82331,0.06333,0.24392,0.43002,10.12217,0.34901,1.04542,8.50964,0.74043,1.2731,0.01906,2.7518,0,0.00979,1.0088,0.0065,3.01688,2.3914,0.04341,5.60407,0,0,0,11.78493,0.04023,0,0.93597,0.29406,0.78844,0.05475,0,0,0,0,0.00473,0,13.31282,0.02503,8.13084,3.65122,0.13438,5.40736,5.69912,0.00152
s__Ruminococcus_bromii,0,0.21527,0.70422,0,0,29.10574,10.83538,0.25706,0,30.42681,0.11862,0.05249,20.09553,26.95878,0,1.85815,0.0721,14.37505,6.09599,7.85486,0.15725,3.86183,4.50873,3.10822,0.20376,0.00562,8.1489,9.695,0.06801,0,0.01305,11.20874,0.02015,9.07295,0.73132,0,3.29241,8.58284,0,8.66087,0,3.97663,7.4291,10.91222,0,0,0,13.34772,4.00798,15.14974,5.09505,0.60587,0,23.68001,0.02239,0.03355,10.02559,0,6.30532,0.01802,0,3.45213,0,14.92343,0,2.23929,0.12211,17.82668,0.01994,7.1869,0.31159,0,0,0.03169,14.54455,11.00331,0.51423,0.67281,0.2083,5.39578,0,0,0,0.2085,10.62545,0,1.96473,6.06812,8.69388,0.45798,0.01633,5.90475,4.15521,0.08438,0.37206,6.59151,0.25448,0.06609,5.16967,0.07466,8.70903,0,9.00275,2.61843,1.23663,0,5.96362,0.13989,0.0135,5.73092,13.47358,4.47145,0.00187,2.92573,3.11794,0.01051,5.55674,4.75245,0.07773,0.03671,0,1.63924,4.03986,5.68948,3.00858,2.20717,0.79713,0.02915,2.28925,10.81751,5.14528,2.54253,3.15488,2.78683,8.84364,0.14249,8.33568,1.44666,2.07734,0.65616,0,0,0,0,0,0.05648,5.18947,0.69161,0.00688,0.01342,0.0635,0.07324,0,0.81011,1.15826,0.85058,1.06191,0.06063,22.33645,0.11209,3.54756,1.72797,6.67218,1.79932,1.1063,0,0.01864,0.0523,3.17673,0.00923,0,0.3691,2.82534,0,0,0.09606,0,3.52544,5.32115,0.51106,0,0.4632,1.56233,1.27324,0.0098,0,0,0.01008,1.20144,0,1.81582,0,0,1.27634,6.60488,0.84439,0,0,0,0,0.03065,0.93961,0,1.42894,0,1.79583,2.75101,7.38548,3.84057,0,1.66914,0.0137,0.00035,0.01383,32.5166,1.32425,1.80548,20.86802,0,1.56666,0.58595,0.01044,0,0,26.50643,1.75074,0.28599,0.08337,0,0.00312,0.79292,2.77406,0.00123,15.92391,5.43937,0.00596,0.00035,0.11016,0.03633,0.0067,2.0418,0.00301,21.94684,0.00129,0.01391,0.00555,0.22341,14.32593,2.42468,15.21102,3.82773,6.47326,0.84675,0,0.00538,13.37826,0.0091,0.03481,21.82789,0.09849,10.89354,0,4.32631,1.05784,2.22637,1.47087,0.87947,16.88744,0.00439,1.47057,0.13202,0.06119,19.43365,0,0.00584,0.27594,1.17538,3.97393,9.82665,3.46598,0.00234,1.664,3.9062,8.25712,0.00515
s__Bacteroides_uniformis,2.17359,0,4.72488,0.10431,0,0,0,0.07589,0,0.38998,0.04352,0.64821,0.33965,0.13883,1.39136,1.25191,0,0,0.64777,0.87801,8.37996,6.77517,0.35923,9.7876,3.39771,0.46464,5.13878,0.25117,1.21607,0.1735,0,1.54602,1.31485,0.47774,1.00339,0,3.74296,0.1898,0.28646,1.95743,0.73974,10.13322,2.63384,0.80075,12.1367,0,13.61782,2.57046,7.43149,1.9594,0.36739,1.8643,0,1.96584,0.71864,6.12966,3.38743,20.10847,4.18626,0.03023,0.61841,1.34782,2.00467,9.6777,4.81538,5.14899,4.73922,0.22688,14.29399,8.90776,4.7487,2.6839,13.28741,0.51874,1.10251,3.84706,0.52199,0.18127,0.6596,4.60556,1.26071,0.09127,24.4882,0.00819,0.0195,2.29131,0.30976,0.25432,0.35477,8.69642,0.14122,14.54098,6.42678,0.25008,4.60485,16.48282,2.02537,3.92792,6.12114,8.2835,19.56911,4.16915,6.49202,0.87758,2.39153,16.88906,0.23608,4.78802,0.68616,0.65236,6.96896,3.61461,3.1028,6.43784,5.7273,0.78123,0.5467,14.82209,8.40749,7.59574,0,1.11759,4.96353,0.46904,0.22353,0.58499,1.16162,0.00864,19.0384,5.7778,0.64996,1.82416,0.45895,9.34534,5.39668,0.93406,2.15886,5.64179,0,0.1799,11.47281,0.78316,1.20632,6.48438,16.76869,3.239,4.7857,3.13543,0.8646,1.19737,0.92167,9.04231,1.20958,3.60302,9.16032,4.69363,2.37651,20.78825,1.09898,8.88353,2.38351,14.30275,0.16414,2.249,2.1169,26.82098,8.73561,5.05426,0.80913,5.96344,2.81406,1.14402,6.89292,4.43972,0.1535,2.20528,5.16131,1.28609,0.0169,1.46551,0.70462,0.98567,13.39656,19.54578,5.20355,1.24913,6.18954,0.09161,1.72654,0.37454,2.63644,3.26437,0.04042,2.02668,0.06533,1.10445,3.06211,3.0268,0.52365,1.82469,1.34746,5.90324,0.04061,3.5432,4.32765,10.06687,3.31754,10.35909,25.35212,0.11259,0.04869,0.12944,5.1464,0.1313,3.85252,1.63002,0.01325,1.0866,9.27729,3.91929,0.72734,0.06967,0.00721,0.18813,0.1093,0,5.25028,0.13639,0.61569,0.01078,1.3843,0.24293,6.91901,2.23084,1.88335,0.06388,3.29264,0.31455,0.06569,3.30664,2.62354,0.08616,0.31283,2.04165,6.36691,0.61957,0.03138,0.13696,4.1096,0.55321,0.04691,8.28114,1.23027,0.00435,1.9886,0.30553,0.85379,0.11218,0.00911,0.96715,1.96837,1.46279,0.34135,0.00365,1.93435,0.04357,6.81442,1.38981,7.65477,0.11429,0.46213,1.82067,0.37536,2.80876,1.5731,0.85448,8.91203,3.95018,1.31553,0.62637,0.55563,0.00553,0.24805,0.05364,0.13364
s__Escherichia_coli,0,19.32019,0,2.2301,0,0.85155,0,61.91865,14.80272,0,38.57306,0.2363,0,0.76846,1.30129,20.63854,0.57069,0,0.20732,0,0.20582,0,20.10943,0.42225,0,16.76271,0.83372,0,12.43057,3.98883,0,0.46538,0,0.11262,0,55.80457,0.23473,0,0.84434,3.64144,0.48681,0,2.02036,0.60403,0.88077,6.30723,0.78438,15.83313,3.27239,0,0.10552,0.78748,1.39992,1.4289,0.0408,0,1.57829,0,0.63151,29.61977,0,2.98856,0,0,5.01546,0.15947,21.09248,5.09812,0,0.12405,0.05072,0,2.86959,0.51713,0.03296,4.30473,0.66051,0,25.52826,2.18444,9.81114,0.43351,0,3.98112,1.48365,0.38346,0.39523,0.65615,0,0.69989,0.3979,3.80559,0.18214,7.25684,0.05893,0,0.50708,4.31986,0.03151,0,0.05959,0,1.70987,0.0883,0.03499,0.22114,0,1.0081,0,0.40793,0,0,0,0,0.34817,0.36999,0,0,0,0.17047,0.47569,0,0,0.1195,0.0247,0,1.08478,0,0.52103,0,0,0.41206,2.43208,0.16677,3.04724,0,2.29382,0,0,0,0.0489,10.25333,0.25968,0,0,0.53635,0.52853,1.14483,0,0.53377,0,0,2.64233,0,0,0,0.98031,0.09466,0,0,0,1.98308,1.33663,0.60913,0,0,0.03526,0.16986,0.51805,8.89333,29.58695,0.05536,0.03112,0.46964,0,0.67793,0,4.56102,0.34557,0,46.18732,2.7571,0.11183,0,0,5.7042,0.21282,3.11734,0,0,0.31208,0.07203,0.22545,0,0.11212,3.27438,0,1.62235,0.15536,0.08756,0.07943,3.21954,0,0.32227,0,0.74234,0,0,0,0.07157,0,17.83285,0.25534,0.47328,0.89099,0.32717,1.43804,17.97675,0.61543,8.41379,0.22219,1.9101,0.81544,0.31346,0.15822,5.84111,18.02857,1.27076,1.8986,0.55342,0.25835,86.09705,1.31503,0.50827,1.0432,8.29635,0.18164,2.8275,0.94384,0.02629,2.15435,0.80956,0.11242,0.34545,1.2454,4.48876,0.03731,0.07808,0.6746,0.02271,0.668,0.29008,0.75663,43.80827,0.05083,7.36111,0.22439,0.16838,14.38639,0.14151,1.72591,0.00496,0,1.09057,0.01675,0.06792,0.06475,0.3188,0.09561,0.09981,0,0.0129,4.14622,1.36773,0.19598,1.01117,0.03082,0.26222,3.71046,6.83548,0.13147,48.85033,0.22139,0.11807,35.4471
s__Prevotella_copri,0,0,0.95236,1.04386,0.37225,0.60098,0.04732,0.14325,0.06493,0.92046,0.52963,0,0,0,0.28325,15.82211,0.0297,0,0,0,0,0,0.00761,0,0.29239,0,0,0.15312,14.52697,0,0,0,0.93558,0,47.77996,0.06916,0,0,0,0,64.52351,0,0,0,0,0.02127,0,0,0,0,0,0,0,0,4.21965,0,0,0,0,0.85503,5.43428,0,24.72782,0,0,0,0,0.13625,0,0,0,0,0,1.64662,0,1.77298,1.69258,0,11.16972,0,0,0.01052,0,0.15773,0,15.67123,0,0,0,0.08303,32.76181,0,0.67081,0,0,0,4.46415,2.62103,14.18129,0.00467,0.01841,0,0,0.00715,0,0,12.16331,0,0.19924,0,0,0,0,0,0,7.1321,0,0,0,0,0,0.00537,0,0,42.43016,3.14702,0,0,0,0,0,0,0,0,0,0,0,0,0,0.00811,0,0,7.94742,0,0,0,0,0,9.45804,1.90334,0,0,0,0,0,0,0,0,0,0,0,0,0.05949,0.00323,26.94079,0.00391,0.03473,0.00752,49.83612,0.01023,0.0833,0.01724,15.058,0.02915,0,0.05559,11.76313,0,0,0.01914,0.40387,16.01505,0,0,0.02697,0.01993,0,0.11614,0,0,0.06168,10.63753,0,3.04311,0.01232,0.07481,12.7399,0.0837,0,16.26676,0.00847,0,0.06762,0.07729,0.04987,0.08221,6.12949,0.0066,0,0.04462,0,0.29366,0,1.34684,0.02566,0,0.02223,0.01422,0,0.01802,27.24981,0.00048,0,0,0,0,0,3.51281,0.00189,41.44151,0,0,0.00106,0.01615,0,0.00241,0,12.07647,0.00369,0.47279,0.40365,18.88606,0.00032,0.00113,0.00506,0.00231,46.15203,0.00527,0,6.39935,0.01887,0,24.19956,0,0.01277,0,0.00146,0.69495,0,0.03085,4.92722,0,0,0,0,0,0,0.00708,0.00799,52.51954,39.11575,0.02053,0.01334,0.00154,0.01016,17.09026,0.00048,0.00543,0.00392,3.8763,43.2977,0.06059,17.24274,1.93934,0
s__Alistipes_putredinis,0,0,0,0,0,0,1.52707,0.21833,2.07141,0,0,0,0.1033,0,0.32046,1.4129,0,0,1.9165,0,14.52977,4.48869,6.9612,0,4.21551,0.08895,3.36534,2.64406,1.65367,0.56921,0,0,1.52765,0.42758,4.89435,0,13.18572,0,0.91961,0.74259,0,0,2.72822,0.81619,6.61741,2.53013,4.96683,0.90609,3.27534,0,0,5.46404,0,0.8387,0.12295,2.10159,0,6.46372,1.06627,0.37677,2.97876,5.26582,0,3.34756,4.61079,8.70076,0.24409,1.91393,0,5.22472,0,3.51435,9.56794,3.81483,0.0105,5.14333,0.22563,0.0231,0.07157,5.58848,11.09084,0,7.11092,2.61019,0,0.01112,4.95468,2.91047,0,6.49888,0,0,0.24973,1.97863,8.1978,1.51216,11.35633,5.36083,2.29935,6.35454,0.02417,11.80194,4.10542,2.0399,4.13902,0,0,0.16877,3.82895,3.98861,6.25892,11.35469,0,7.20686,5.79833,0.06805,1.33044,5.18998,0,3.06561,0,2.98687,0.09073,3.10572,0.8627,0,10.14319,5.26238,6.06682,0,0,5.82617,1.50834,0.02202,3.16974,11.25913,3.3195,4.96582,0,0,5.2457,0.95423,0,2.42685,0,3.54156,4.77918,0,0,7.57393,0,0.09489,0,5.9102,0.75118,3.95804,11.11914,0.01082,10.66479,2.76519,9.41398,7.63571,2.1885,9.31054,13.44714,0.02061,4.90213,6.01418,2.31747,8.19242,8.66905,6.95759,4.4787,1.84457,2.1959,1.90984,11.75326,3.86184,0,1.43515,0,3.12628,8.24771,7.45171,4.95457,11.25853,0,0.11374,4.99271,6.35109,2.74575,2.55369,3.62023,4.22195,10.36582,1.26694,4.54604,6.2907,0.02493,3.03145,12.31192,5.09427,14.69964,0.32972,2.73442,3.54839,2.57861,7.12663,6.99181,0,0,2.04789,0,0.08328,2.28095,3.80617,0.00711,0.38356,0,1.24716,6.41752,4.88615,2.13093,1.26169,0,0,0.73908,6.63464,0,0,0.71302,0.00125,4.52917,5.66777,0.00088,0,4.07181,0.24893,0.00044,10.87504,0,5.50575,1.53451,9.97431,10.21189,0,0.05772,0.00317,2.988,0,0.04169,5.34519,8.6359,0,0.00135,3.82857,0.00205,0,0,0,0.04357,0,1.82491,13.44317,7.65733,0,0,1.18576,9.26079,0.00541,0.31593,0.01448,1.74913,0,8.64717,4.86292,0.0546,0,0,8.26393,0,0.00527,0.16102,6.25836,0
s__Bacteroides_vulgatus,1.39289,0,1.39039,0.239,0,0.2184,0,0.10697,9.83549,0,0.11585,0.08533,0.05988,0,0.65391,1.14594,0,0,0.26651,0.96191,6.97001,0.87661,2.57165,6.06955,1.56659,0,6.34671,1.12886,6.99511,0.21086,0,0.03826,0.38375,0.48864,1.08083,0.04542,0.32289,0,0.09552,1.23845,2.00312,0.08408,0.22601,10.27754,0,0.59208,6.63717,0,0.61122,3.7608,5.10517,0,0.01007,0.55776,3.01148,1.84054,2.48253,0.08358,0.61929,0.08391,0.59161,2.97567,6.44764,0.75828,1.4145,7.77767,0.11841,6.26486,19.18313,1.33948,5.34455,7.0991,7.92781,6.00348,0.48204,0.35664,0.19507,0.13922,1.11029,1.28236,13.62617,5.03398,3.16799,0,2.58224,1.18984,0.31021,2.72267,0.52406,2.68572,0.74454,0,2.1896,0.0328,4.53065,3.45507,4.83278,1.29909,0.89253,1.67142,0.01718,2.79651,3.08017,1.14638,1.97627,9.43055,0.56139,2.11643,0.57445,1.27362,1.23223,1.06936,0.04019,1.23237,2.16298,0.30208,1.89108,2.23382,3.69043,1.14939,0.54808,5.09992,0.54955,1.4824,0.6279,1.3013,0.45353,1.48511,15.98781,3.23381,4.45665,0.04767,7.63373,4.41597,1.36531,0,1.67013,0,0,0,7.41192,11.95229,1.01143,0,13.22576,3.80762,2.06406,4.57927,0.0342,14.42653,0.16855,2.95864,1.54154,0,1.46383,1.51287,0,11.69993,1.43753,8.10616,3.68516,3.57202,1.42904,2.20106,2.18167,0.15552,0.49446,8.69855,3.18523,10.01736,0.88665,0.31413,2.43081,1.97206,2.0667,21.16431,0.51868,5.62765,17.87225,0.97329,2.22464,1.78004,5.67143,6.81516,5.91985,1.81472,4.32834,0.13153,2.7113,3.32439,0.46852,4.478,4.50517,0.40942,0.18025,1.37794,1.58626,1.70944,5.65108,1.30813,2.56477,2.33464,1.3652,6.00468,0.58367,10.52413,11.10821,7.71658,0.0767,0.12916,0.10815,2.18247,0.0266,0.14316,0.82154,2.00449,0.0053,0.46122,11.5086,0.58249,0.38556,0.00629,0.28769,9.18424,0.92214,0.00361,7.2932,6.7475,1.67049,5.98878,0.00881,0.11982,0.80503,0.38183,0.16873,0.09292,2.35498,0.25363,3.77156,2.10293,42.24634,0.74017,2.07081,2.69125,0.66053,0.00195,0.16395,0.52983,4.50245,0.02878,0.09607,0.28246,0.65443,0,0,1.18656,0.05901,0.00031,0.00337,8.52939,0.01513,0.21124,0.08883,2.50995,0.51271,0.16359,26.66087,0.23041,0.73527,0.99458,2.14359,2.52231,0.1291,26.35335,11.58736,1.90779,9.0669,0.59187,3.10096,0.3621,0,0.01248,0.50625,0.48754,0.9621
s__Bifidobacterium_adolescentis,0.88177,43.66316,0.37529,2.75095,4.14676,5.50322,0,0.27097,0,6.5863,1.93503,12.98775,0.73212,0,0.00634,1.49776,45.32174,37.97583,0.06035,12.74893,5.85462,0.56488,4.8998,0,0.90796,42.40465,0.42175,11.38759,0.34184,27.73777,0,6.67169,4.14427,0.44909,1.1253,0,0,12.48702,0.16916,0,0,0.02445,18.98292,0,0,0,0,0.12474,0.18529,0,3.08448,0,0,2.98572,0.24987,18.84404,0.00407,0,1.52671,0,0,0.08158,0,0,0,2.80894,1.09834,0,0.6868,10.69459,0.75963,0,0.1467,1.94357,0,0.06791,0.10722,0.00892,0,0,0,0.21397,0,0,0,1.42772,0.91665,0,2.26117,0,1.64563,0,0.30844,0,3.21262,0,0,0,0,0.08514,0,0,0.99516,0,1.44025,0,2.27221,0.07583,0.34602,0.71003,0,0,0,5.93307,0.14474,0,2.24319,9.76933,0,3.06101,0,4.1234,14.28342,6.33435,2.68497,0,2.57815,9.03763,0,0,7.74899,0,2.75611,0,0,3.72407,0,3.7598,3.10396,0,0,0,3.14059,0,0,5.04306,23.17417,4.29154,1.28882,0,8.77702,0,0,0,0.62331,1.93057,15.98713,0,11.91057,0,0,0,0,4.71663,0.60671,0.02901,0,0.19891,0.44056,0,0.00362,0,0.5003,0,0,0.36383,0,0.1232,0,1.16047,0,4.62232,12.03956,0,0,0,1.99985,0,2.21711,0,0,0,3.09955,0,0,0,0,0.03443,0,0,0,0,0,5.96761,5.45691,0,7.95993,0,0,0,0,0.14052,0,30.24376,0.00225,16.02831,0.00316,0.00186,0,0.00452,0.00505,34.2389,0.12431,0,0.46275,0.00147,0.02343,0.00717,8.00E-05,0.00429,0,0,0.00311,15.33517,36.96474,0.00826,0.15996,3.35838,9.11741,0,0,0.02396,0.00671,0.21704,5.32613,0,1.1704,2.89541,0.00053,8.63286,3.20618,3.28644,0,0,0,0,0.00169,1.1854,0,0.02712,5.12375,0,0,0.43202,0.16276,6.30994,0,0,0,0,0.46342,0,0,0,1.4083,0,0,0,0.73503,0.24848,2.56684,2.97787,2.73246,0.02474,5.42443
s__Ruminococcus_torques,1.66602,0.65644,1.18775,0,0.49179,1.13549,3.55683,0.9157,7.85102,1.7248,3.49728,3.89891,4.38972,8.45294,0,2.10021,0,6.04386,1.28277,0.37606,0.87084,0,0,1.18365,4.64985,0.20721,1.73943,3.15568,0.78637,0,0.51453,2.45623,0.76593,8.25804,0.78252,0,2.47033,5.11648,0.4777,0.6857,0.6978,1.05191,3.72484,2.4916,1.56441,4.64129,5.96692,3.13289,2.58238,3.07954,0.43189,1.59923,2.32905,0.63394,0.72399,7.69414,1.21307,0,3.96913,3.29069,1.16939,4.28456,5.53965,1.91509,0.17302,1.5511,0,0.58259,0,0.51617,1.26975,2.75562,1.39166,1.92946,3.57601,5.08088,1.50217,2.73983,0.66254,0.43542,3.27581,12.3818,3.56865,0,2.60933,0.27564,3.47129,2.4823,3.12443,0.63226,2.12335,2.16458,6.98534,0.12513,5.52078,6.8063,2.40279,1.77578,1.02891,1.58089,5.14516,13.55007,5.75745,0.25691,0.6875,2.85093,1.45808,4.18498,0,1.87128,0.31675,1.88667,0.71156,0.20573,1.64515,1.28594,0.87821,1.18829,5.27892,4.1862,0.90983,2.42626,0.20192,0.51713,0.41015,1.37485,0.716,1.04313,0.88912,2.09552,0.44995,10.40118,1.24213,2.8387,0.58207,0.79402,0.76517,0,7.94607,0,2.69632,1.85393,0.55557,0.22177,0,0.72221,1.58487,1.22602,1.48174,5.71122,0,1.67298,0,0.7899,1.37951,0.13198,0.10986,1.82317,1.66475,1.58965,0.21313,0.55738,8.09372,1.03095,2.017,1.91411,1.22069,9.25977,0.47908,5.49571,0.23693,3.17224,0.38241,1.10501,5.65679,1.04876,0.28208,1.45562,1.07554,0.4673,0,1.10858,2.53677,1.43342,3.0515,1.49012,0.45022,1.38727,0.11224,6.59324,1.32227,3.04516,13.14484,0.94043,0.89545,0.64012,1.41543,3.09613,0,5.43087,0.7978,0.71794,4.9648,0.84968,0.85186,2.64991,3.40652,0.47143,1.60659,1.4664,0.24575,0.3751,0.6934,0.37853,0.20906,0.21069,0.18656,14.38208,8.69883,1.38713,0.23122,0.34113,9.11701,7.2728,0.62381,0.70099,0.64856,2.66653,0,0.8342,2.56893,2.79239,0.1451,1.97713,3.55975,5.16665,0.22484,13.7481,1.89809,0.64867,0.16117,1.88191,3.39195,0.48888,4.85053,2.76654,0.11676,9.62052,2.77024,1.28136,1.2246,0.73163,0.37006,0.15953,7.65289,6.89359,0.39215,0.23706,1.2907,0.8363,0.86829,4.89509,12.8589,1.66823,1.98893,4.99807,2.04387,0.57249,6.56359,0.22711,1.31092,5.20355,9.35539,0.1858,1.35078,2.9497,0.0175,3.92266,0.11308,0.93064,0.61866,4.65319,0.01887,6.53483,2.17327
s__Bifidobacterium_longum,12.6894,0.65229,0,4.27579,8.17699,0.26883,0,0.70276,0.08999,7.4145,1.38983,0.34991,10.26339,12.97267,0,1.45748,14.52388,6.93552,38.73786,2.626,2.12258,3.02865,1.87577,0,0.99368,10.43303,1.92004,7.2341,1.57749,14.73367,18.23537,3.78711,6.17355,4.61512,0.13109,0.04492,6.74007,19.9182,0,5.79667,0,3.47561,4.28071,0,1.0594,0,0,0,9.38314,0,1.33987,0,0,3.1739,0.64019,1.75971,0,0.01268,1.12353,0.07732,0,0.28141,0,0.06778,10.31389,0.72001,6.3138,0,3.79687,7.17539,0.15005,0,1.90036,2.72737,6.46592,0.12901,0,5.56137,0,0.21945,0,0,0.27895,1.44498,0,0.02767,0.41075,0,4.548,2.07957,0.42995,0,0,0,0.52976,0,0,0,5.22889,4.60466,6.63365,0.06225,0.75713,1.66398,0.61944,0,0.23507,0.05189,0.20801,0.70194,4.52288,0,0,2.86642,0.12149,0,0.20824,0.8335,0.04509,0.15692,5.05259,0,1.3095,1.96625,1.19404,4.7122,3.26317,4.83677,0,0,2.17304,0,1.35258,0,0.469,1.14387,4.50633,0.48291,2.62149,1.89915,0.12292,3.85155,0.39436,1.72507,0,2.0363,1.20029,0.89875,0.40784,0,0.56301,1.25194,0.86824,1.99202,0.0819,1.60884,1.31236,0,2.2473,0.30549,1.81487,0,0,1.30205,0.03093,0,0.91368,0.01384,0.33438,0,0.83288,0,1.02919,0,6.3295,0.35074,0,0.02871,0,1.17445,0,0.09569,1.83756,0,0.464,0,1.61808,0,0.53446,0,0,0,0,0,1.59049,0,0.40932,0,0,0,0,0.21227,0.07577,2.61408,2.88324,0.24818,0,1.91794,0,0,0,0.00684,0.0972,4.64739,1.00144,1.47455,0.04266,0,0,0,0.00022,0.21287,1.02636,1.4174,7.60225,0.06305,0.0316,1.1254,0,8.08499,0,0.59539,0,1.54795,1.21247,0.90674,0.14632,0.23109,5.87976,0.26845,0.04435,0.00298,0,0.07424,1.65224,0,0.15648,0.41181,0.00308,1.68054,1.81846,1.35848,0.05304,0.02539,7.00976,0,0.04034,2.68029,1.01295,0.00067,0.36953,13.48382,0,0.34098,0.1348,2.13726,0,13.56746,3.5533,0.03981,0.11223,0,0.00429,1.07317,0.4808,0.02647,0,0,0.87397,0.58007,0.88113,1.35549,0.5602,0.09095,3.9713
s__Alistipes_onderdonkii,0.77168,0,0,0,0,0,25.27689,0.10479,0,1.30732,0,0,0.04349,0,5.03564,0.92648,0,0,0.06104,0,1.08855,1.24093,3.77166,0.34868,8.53462,0,3.85379,0,0.0644,5.15643,3.16787,0.90143,7.99059,0.06314,0,0,2.36267,0,0,0.46441,0.92873,0,0.31004,0,0.33027,0,0.7181,0.57821,5.19352,0,0,3.91609,0,0.01091,0.27323,2.43841,0.85302,0,0.29721,0,0,0,0,3.38888,0,1.04955,0.86337,10.18297,0,1.42641,0,6.20662,0.51671,3.61978,12.41596,1.65505,0,0,0,0.379,0.88715,0.55257,7.54933,0,0,0.05558,0.24142,0,0.09986,4.84534,0.05217,0,0.13,14.91214,3.41181,0,1.49102,0,0.95172,7.41044,0.67906,5.1992,0,0.37176,0.23977,0.59062,0,0.11864,0.04952,0.06111,0,0.28873,5.42658,0,0.34148,0.93285,3.71489,0.41832,0,0.33156,0,2.45849,0.23589,2.42117,0,0.05459,0.27514,0,3.08459,0.3259,0.08108,0,0.1047,2.50449,10.3288,1.4079,1.06026,4.80281,10.7104,0.0074,0.81052,0.00708,0,0.91256,0,9.2244,0,0.46897,0.79761,1.0166,0.0226,5.55336,13.65288,0.22436,1.95735,3.45841,2.27972,0.56417,0.64094,0.34166,2.92877,0.18434,4.38803,0.04566,0.1627,4.42024,0.95654,0.16075,0.05951,1.83826,0.30337,0.06163,0.02595,1.7048,0,0.15402,0.00709,0.09277,24.42407,0.1931,0,0.08743,0.78855,2.7553,0.3181,0.12312,0.94319,0,0.20899,6.25952,10.9438,0.43516,1.84695,2.35244,0,4.05045,0.08949,29.39628,0.01616,0.15267,7.09379,0.0954,14.62674,3.99059,0.35691,3.75548,0.35356,7.74296,0.00259,0.04588,0,0.54774,0,0,0.24737,0.29127,26.04065,0.04476,0,0.85671,0.45135,0,0.00852,0,0,16.82379,0.04833,0.94353,0.00826,0.03835,0.10415,0,0.16622,2.69309,0.11596,0.03543,0.08434,0.02251,0.09434,0.06618,0,0.22355,6.93337,0.43487,2.01927,0,0,0,0.14676,0.00207,0.05838,0.60168,0.28066,0,0,6.82427,0.13438,0.0071,5.90638,2.51858,0.00156,0.27062,16.59216,0.0036,1.89238,0,0.00185,0,1.20689,0.03606,0,1.04705,0.03181,0,0.00031,0.62661,0,0,0,0.10008,0.17506,0,0,0.04899,0.37901
s__Collinsella_aerofaciens,8.19696,6.02612,5.01575,6.09321,9.62863,8.97305,6.43451,1.58167,0.7443,10.04968,11.2837,7.66768,7.10589,0,0,1.09462,3.23569,7.68383,7.36762,4.6861,0.69186,4.38366,1.18532,1.06571,1.32734,5.03565,0,3.64487,0,3.40226,0,7.73544,6.34113,2.21599,0.63141,0,7.0941,1.54013,0,5.18507,0.43141,0,0,0,1.43499,0,0,0,1.47272,0.03835,0,0.60275,0,2.61006,1.71022,0,1.35733,0,0.86493,0.50157,0.48169,1.15224,0.07315,0.19634,0,0,0.31355,1.02001,0.58399,0,0.86048,0,0,2.19067,0,3.24993,1.65009,3.85027,2.72968,1.51159,0,3.39814,0,0,0,6.2305,0.65169,0,5.00881,0.28673,3.56679,0,0.51239,0.70547,0,2.75836,0.25424,0,5.0992,0.66127,0.14304,0.90622,0.57684,1.04589,0.46243,0,0.39593,3.88477,2.19066,1.03666,1.90793,1.78911,0,0.07437,1.66384,0.68475,0.46173,1.92229,0,3.02068,2.67011,1.13648,4.73334,1.40946,3.12882,4.80948,0.27247,0,0,1.27272,4.392,0,0.2916,1.30465,0,1.31946,2.47772,0,0.88284,0.87678,0.30852,0.94205,1.9238,0.27101,0,0.30395,1.55555,1.69977,0.07753,0.13515,4.32626,2.683,1.86041,0.09089,2.22333,0.70509,3.23535,0,0,0.61825,0,0.21776,0,2.54332,1.0551,0,2.04902,0.2561,0.89711,0,0,0.55837,1.37639,3.49418,0.96131,0.22124,1.7976,0.54503,0,1.41697,0,2.06513,0,0,1.11749,0,2.55501,0,0.79357,0.11735,0,0.67724,2.06032,5.77713,0,0.97749,2.762,2.85549,1.22128,1.58886,0.3242,1.18399,0,0.03316,0.25552,0,0.88966,1.8268,2.11526,0,0,1.06656,0,11.55013,1.35827,0.5683,0,5.31896,0,0.40665,0.2912,0.25378,0.99258,0,2.59248,0,0.12582,3.11546,0,1.22359,0,0.43085,0,1.4045,0.65896,3.34529,0.03058,7.71839,3.96251,0,3.43796,1.40674,2.49895,0.23135,3.73769,0,1.19563,2.35426,0.53612,2.41821,1.90281,2.36834,0.05827,0.00083,0.47065,0.4335,0.24194,5.49357,0.46592,0.00401,0.96064,2.15582,0,0.34785,0.18197,1.89897,0,0,2.09999,0.35326,2.50441,0.80603,1.95017,0.54536,1.09181,0.17264,0,0.07516,0.11115,0.44163,0.56055,3.66707,1.34321,1.959,7.0622
s__Bacteroides_stercoris,6.9803,0.05758,0,0,0,0,0,0,0,0,0,0,0,0,0,0.39147,0,0,0,0,0,0,0,1.18431,0.03189,0,0,0,1.27136,0,0,4.9325,0.07333,0,0.20451,0,0,0.17304,0,0,0,0,2.20174,0,0,0,0,0,0,0,0,13.77653,0,1.05304,0,0,0,0,0,0.04288,0,0.00451,7.71352,0,0,0,0.04583,0,0,3.42682,0,0,0,1.2897,1.67478,0.18692,0,0,0.73297,0,5.63581,0.42763,0,0,0,0,0.07528,0,0,0,0,0,0,0,1.75184,0.59415,3.04982,4.37994,0,3.94052,0,0,0,0,3.64532,0,3.38391,0.79137,0,1.58376,0,3.5303,0,0.00228,1.36064,0,0.03924,3.05691,3.9463,0,0,0.33514,0,0,0.4135,1.14796,6.04327,0,0,0,0,1.52897,2.02303,0,0,0,0,0,0,0,0,3.1284,0.70395,0.43871,5.74971,1.34792,1.59127,11.80655,0,0,0.31434,13.19619,0,0,0,0.04491,0,0.01273,0,6.50934,0,0.01402,0,11.85945,0.57255,0.00829,1.56327,16.68668,0.43899,0.03658,0.00316,51.53434,0.0605,0.14178,0.69508,0.06587,1.11578,0.53198,0,0.61544,0.53093,0.30914,0.03349,0,10.85572,0.13223,2.04393,0.20849,0.00667,8.0472,0.16281,0,11.17768,0.95905,0.1471,0,2.10309,1.1925,7.73054,0.76826,0.17412,0.00957,0.05486,0.57121,4.33611,0,0,0.02817,0.05355,0,0,0.24616,5.21873,0.00026,1.3139,0.49872,0.00864,0.02815,0.11029,8.47479,0.62001,2.06876,1.49237,6.56879,0.04019,0,0.34786,3.55715,7.00E-05,0,0.00365,0.32685,4.56072,0.51135,0,0.04953,34.93604,0.59314,1.40072,0.00163,0,0.58112,0.69448,1.49983,0.61508,0,0.33514,8.11443,1.5832,0.18162,0.04971,0,0.59079,0,0,1.04893,0.0802,0,0,0,0,0.54759,0.10114,3.02338,0.00441,3.92366,0,0.00074,3.13948,1.41732,0.30536,0.0096,0.02052,16.79773,17.79398,1.7747,0.0024,3.22267,0.00436,0.00234,0,0.00528,0.38028,0.19728,0.45444
s__Bacteroides_dorei,0,0.17943,0,0,0,0,0,0,0,0,0,0,0,0,0,0,0,0,0,0,0.22562,0.31633,0,0,5.90268,0,0,0.35541,1.16927,0.00803,1.44701,0.98617,0,0,0,0.00334,0,0.12515,0.07934,1.25195,0,14.56424,0,0,29.1774,0,1.4234,4.75313,0,0.16244,0,6.53948,0,1.25157,0.3527,0.13883,2.23462,3.8105,2.36391,0.02969,2.17081,0.57791,0,6.59814,0,0.46749,2.27914,0,22.75501,0,0.0193,0,0,0.62623,1.5404,0.99138,0.31597,0.03904,0.05618,0.52838,0.11216,0,0.33132,15.26785,0.00603,0.09755,0.82435,2.85106,0.01204,0.04684,0.00779,12.01894,0.44109,0,0.23023,0.08018,0.59838,0,0.21758,0.15509,7.90141,1.6349,2.83075,1.25433,0.1444,0,0.36475,0.55269,0.30226,0.46512,0.78386,0.01332,15.31598,4.76467,0.07584,0.77808,0.04122,0.23134,0,0.33283,0,0.03752,0.35972,0.61504,2.12882,4.02317,0.43543,0.31843,2.15102,2.35139,0.00697,6.94304,0.05649,2.84398,4.26267,0.76908,5.07183,3.00821,0.82606,1.52985,0.78598,1.04754,0.25364,8.66856,0,0,0.96164,0.03731,1.56842,0.11535,0,0.04227,0,15.90505,2.49513,4.523,1.41664,0.01795,1.21361,0.45566,0,0,0.00483,0.36459,0.34577,0.02811,0.05678,0.76526,0.23108,0.15542,0.99029,0.0792,0.07637,0,0.13985,1.30688,1.70439,0.81448,6.03479,0.26389,0.40896,0.10057,0,0.03346,0.25313,0.0465,0.31166,0.08104,0.68816,0.13368,0,3.87833,0.25763,2.67445,0.0479,0.04891,0.8568,0.0083,1.11451,0.64189,1.51211,0,0,0.30963,0,0.16085,0.17148,0.20284,0.01071,0,0.05663,0.01026,8.51331,0.00105,0.02834,0.043,26.59067,0.04371,0.01302,0.05261,0.03283,0,0.20238,0.0448,0,13.23264,0.73738,0.35159,0.00824,0.22307,11.27393,0.04716,0.56213,0.1524,0.67581,0.07453,0.15997,0.25477,0.34309,0,0,0.31318,0.00473,0,0.39493,7.36954,0.49028,0,0.32567,0.03456,0.00308,0.00056,0,0.06094,16.8428,0.00086,0.14238,0,0,0.9057,2.07258,0,0.80649,0.41472,0.00517,0.04402,0.00231,0,0.07858,0.0961,0.38932,0.00162,0.00121,2.16974,2.88414,0.05265,3.44995,0,1.13887,4.43437,5.45758,0.00256,5.57741,0.93043,0.75718
s__Eubacterium_siraeum,0,0,15.18791,0,0,0.36436,7.35976,0,0,0.39738,0,0.51272,2.63691,0,0.22435,0.31647,0,0,2.06011,0,2.28476,0,0.63857,2.67876,1.2724,0,0,0,0.09366,0,0.41036,0.69691,1.18183,0,0,0,0,0,0,5.76665,0.04922,0.60904,0,0,0.14967,0,0,4.24542,2.11455,0,0,0,0,0.42064,6.79427,2.69152,0.20346,0.05069,0.27455,0,0,2.42349,0.70416,3.84589,0,5.35932,1.07469,10.69113,0,2.84231,1.20213,0,0.01622,6.98271,0.166,0.18818,0,0.23334,0,2.83035,0.30415,0,0.04723,0,0,0.03855,0,1.01476,0,3.15947,0.15292,0,1.44943,0.96914,2.6078,0,0,0,0.47894,0.73054,0.30857,0,0.32654,4.70591,23.87918,0.23657,0.23608,0,2.31217,2.43402,0.01918,3.49337,0,0.65288,2.89618,2.92829,0.674,0,0,1.49591,0.03396,0.09352,0.75139,0.91024,0.11615,0,0.02032,0,11.60178,0.24291,0.02971,0,2.53827,7.37711,0.78998,0.94472,0.5082,23.04861,0.58871,7.25873,4.012,0.12257,0.26909,7.35472,1.38849,5.30471,0.0898,0,0.15622,0.10077,0.66924,1.83382,0,0,1.18028,0.65421,5.41416,0.32837,3.24284,0.02519,0,4.95277,1.04185,0.01668,0.08193,0.19861,0.00776,0.20373,0.42602,3.21757,0.39074,0.1262,15.31354,0.55238,1.17781,0.34297,0,0.27901,8.38474,24.73097,0.60384,0.70534,0.16846,0,0,0.14508,0,0.03705,5.32784,3.56045,7.53398,0.04893,0.70421,11.40518,0,0.51796,0.01474,0.23974,0.00784,1.15435,0.00387,0.71253,0.01336,0.54944,3.57806,0.00797,7.0215,0.09255,0,0.02899,0,0.3392,0,0.00592,0,2.43536,0,0,0,0,0,0,0,0,0,0,0,0,0,0,0,0,0,0.01187,0.1293,0,0,0.00256,0,0,0,0.01218,2.43402,0,0,0,0.16718,0,0,0.16192,0.01721,1.07559,0.28111,0,0,0.00156,0.23304,0,0.00325,16.77129,0.02292,0,0.29527,0,0,0,0,0,0.16252,3.44088,1.13396,0.00166,2.16592,0,0,1.83942,0,0,0,0.01891,0,0,0,0.3867,0
s__Ruminococcus_gnavus,0,10.01327,0,0,0,0,0,0.08407,0,0,0,0,0,2.67763,0,0.04261,13.73712,0,0,0.04904,0,0,0,0,0,0,0,0,0.22512,0,0,0.4401,0,0.12732,0,0,0,3.49689,0.40787,0,0,0,0,0,0,3.30003,0,0.36463,0,0,0,0.24363,5.12741,0.59601,0,0.00395,0,0,0,0.1138,0,0,1.17516,0,4.03559,0,0,1.71449,0.74477,0,0,5.75096,0,0.04836,0,0,0,0,0,0,0.0441,2.39455,0.04848,0,0,0.04181,0.09787,0,1.52273,0,0.39994,0,0,0,0.30852,1.30647,0,2.9694,0,0.52891,0.50683,0.02032,0.12695,0,0,0.2718,0,3.52222,0,0,0,0,0.73502,0,0,0,0,0.28981,3.81191,0,71.30571,0,0,0,0.00512,0,0,0.33639,0.07022,0,0,0,0,0.49417,0,0,12.26261,0.2938,0.11584,0,0.15366,5.07992,0.28813,0.06044,0,0,0,0,0,1.38013,0,0,0.22059,0,0,0.01495,0.14411,0.12648,0.04872,0,0.01609,1.88567,0.05691,0.10168,0,1.10585,0,0.84776,0.05691,0.83844,0.51791,0.8912,0.34387,2.6203,0.04168,1.84913,0,0.59939,4.96118,0,0,0,0,0,1.00925,0.09529,0,5.1108,0,2.99183,0,0.99999,1.79695,0,0,0,0.23655,0.08534,3.44843,0,0,0,0.33763,0.05628,0,0.09282,0.02889,0,0,1.86026,0.75081,0,0.81381,0.04052,0.72814,0.09103,0.00065,0.53173,3.7296,0.61391,0,0.02489,0.40143,3.77248,4.4996,0.01149,0.40576,1.58828,0.00688,0.05579,0.46596,0.47099,5.50052,0.20444,0.00384,9.21816,0.12661,1.42686,0.24649,0,2.29481,0,0.04549,0.00976,0,31.04183,0,0.48948,0.1215,0.01186,0,0.00829,0.00514,7.28752,0.69277,0.01,0.58538,6.92366,8.9793,0.00368,0.06327,1.98669,0.09958,0.9427,0,2.05005,0.08234,0.0265,0,0.01249,0,0.60948,0,4.99481,1.12852,0.06875,0.29484,0,3.95307,0.04572,0.99865,0.70762,0,0.01494,2.80003
s__Bacteroides_caccae,0,0,0,0.08985,0,0,0,0,0,0,0,0.03747,0.69483,0,0.30322,0.50654,0,0,1.18765,0.12707,1.42405,0,0,4.17163,1.15812,0,0.67951,1.34578,0,0.80099,0,0,0,0.3758,0,0,0,0,0,0,0.83276,0,0.04965,0,1.52098,0.42203,6.2936,2.80662,2.33275,0,0.89584,0,0,0.49136,0,0,0.42149,2.5218,1.71671,0.36712,0.24239,0.29609,0.08648,0,0,3.37588,0.00485,0,0,0.5079,0,0,0,2.84004,0.85098,0.55555,1.52775,0.02901,0.03969,0.58294,0,2.66743,0,0,0,0,0.80531,0.47543,0.01705,1.74779,1.08195,0.21486,1.46887,0.01401,0,0,5.82839,0,0,0.70996,0.73106,0,1.92587,0.8178,1.02906,0,0,5.19981,3.18705,0.3124,1.04395,0.33887,2.9199,1.17251,0,0,0.30182,0,0,1.15041,0.89202,0,0.39752,0,0.01379,1.34177,1.92723,0,0,1.84678,0.50657,0,0.6887,0,0,0.68534,0,0.35191,2.58119,0.01998,0,0.36994,0.56753,1.02656,0,0.88764,2.93262,0,1.08647,0,0,0,0,1.60689,0,0.48581,0.38334,0,0.72028,1.89416,0,0.97881,0,0.61125,0.1091,8.94875,0.75324,0.98291,0.04669,0,1.84312,1.61835,0.75474,3.0164,22.00353,0.07703,0,1.52544,0.06103,0.76873,0,0.73695,1.83768,15.98458,0,0.64084,7.54864,0,0.64796,2.12072,0.52417,0,0.82522,0,0,0.74937,0.73397,3.90368,0.30482,1.67727,2.11948,2.00564,0,0.16564,0.68045,0.01309,2.90594,0,1.34809,0,0.10011,1.41948,0.00423,0.05116,0.00313,7.60007,3.23325,0.66403,0.00149,3.12039,0.12566,0.85822,0.28502,6.42073,0.00028,2.1658,0.19602,0.85603,0.74763,0.01472,2.11008,0.00811,5.56579,0.21552,0.55978,0.09968,2.38026,0.09935,2.95055,4.15063,0.00407,4.29482,0.00023,1.28307,0.69077,1.72959,0.29939,0.00309,0.50913,0.59216,0.00125,4.77067,1.10698,0.01613,4.07386,0.25846,2.0015,1.64103,0,0,0,1.89198,8.66513,3.68453,5.13429,0.21356,0.00093,0.92927,1.41204,0.89861,0.23376,8.90568,0.97211,0,0.00455,2.0421,0.00272,3.9779,0.00743,6.27227,0,0.00014,1.2607,1.27132,0.60676
s__Bacteroides_ovatus,0.32842,0,0,0,0,0,0,0,0,0,0,0,0,0,0.00963,0.10679,0,0,0.10866,0,0.13603,0,0.36221,1.38511,0.16315,0,3.98998,0,2.79729,0,0.54055,0.19883,0,0,0,0,0,0,0.04064,0,0,3.61717,0.13642,2.4005,1.07079,0,0.46181,1.17988,0.01589,2.44533,0,0.76794,0,0.40692,0,0.21737,0.57192,0.00569,0,1.41919,0,0,0.01492,0,1.82004,0.35046,0.42373,5.24237,8.22465,1.24261,1.18213,0.58517,0.01076,2.47689,0.48727,0.46987,0.53415,0.05439,0.04829,1.35871,0.54852,0,0.01296,4.0414,0,0.44449,0.02658,0.0284,0.24174,2.43701,0,10.32936,0.01074,0.04399,0.04952,8.19492,0.21293,0,0.17465,0.0942,0.10875,0.02149,0.17374,0.89186,0.00508,0,0.00727,0.83991,0.68944,0.15431,0.85438,0.02379,3.58719,0.36712,0,0.15866,0.10214,1.6427,9.89084,0.01364,0,0.08897,0.84399,1.33833,0.20821,0.13229,0.61721,0.46995,1.85127,0.08442,1.30802,1.17642,0.02654,2.99478,0.27019,0.00495,0.34146,0.09107,0.67373,0,0,1.2862,0,0,0,0.06705,0,0.09626,0.14952,0,0,0.12036,0.92042,0.1599,0.33398,0.11865,0.09066,0.02466,0.62618,0.09583,6.99231,2.28412,0.0105,0.96542,0.10645,0.04796,0.32105,0.11856,0.54804,0.15657,0.02453,0.62105,0.02169,0.36114,0,35.61236,0.14345,0.34287,0,0.07169,0,0.07436,1.91879,0,0.90919,0.00522,0.60191,0,2.07109,0.12463,0,4.97121,0.08612,0.09754,0,0.11526,0.13868,0.7377,0,0.4078,0.64398,0.72219,0,1.8661,0.95925,28.62041,0.23235,1.08446,2.10719,0.12221,0,0.04533,7.61873,0.07918,0.03098,0.95577,0,0.55182,0.03248,0.10176,0.19057,1.03123,0.60482,2.37052,0,0,0.92852,0.94967,0.1563,0.00697,2.76079,0.01758,9.96891,0.20115,0.87038,0.03507,2.68131,0.18769,1.07957,7.05271,0.05937,0.03035,0.05002,0.03646,0.15643,0.56424,0.03387,4.47021,0.84232,0.70719,0.20578,0.02639,2.32602,0.00564,2.68065,0.08812,0.01045,0.44297,0.05481,3.31458,2.00438,0.00861,0.01581,12.66249,2.20294,0.53609,0.13957,1.16234,0.28431,0.03575,0.03242,2.14463,0.23184,2.19315,0.00057,0.18583,8.76247,0.38756,0.69868,2.6552,0.59107,0.00153,0.10172,0.43431,0.00304
s__Parabacteroides_merdae,0,0,0.16385,0,0,0,0,0,0,0,0,0,0.02529,0,0.09534,0,0,0,0,0.03032,0,0.581,1.01769,4.49255,1.81299,0.03508,0.54019,0.9652,0.61907,0,0,0.28817,0.88659,0,0.02306,0,0.37418,0,0,0.17337,0,1.07287,0,3.43006,0,0,2.13276,0.13607,3.15263,1.03849,0,0,0,2.48274,0.11916,1.0237,1.67671,0.13642,0.18919,0.13449,0.62007,0.234,0.54185,0,1.16079,1.45044,0.20928,0,0,1.5401,0,1.90065,0,4.53402,0.98366,1.3713,0.24435,0.02577,1.82786,1.28054,2.43849,1.1863,0,3.60502,0,5.4943,1.60191,0.49025,0.07232,0,1.98708,0.06036,0.86309,0.07871,0.2573,0.37481,1.75108,2.18396,0.16518,0.01757,0,0.10751,1.23206,0.41644,0.4045,0,0,0,0.17538,0.35718,2.87087,0.26795,0.00228,1.24243,1.03229,0,0.04779,0.40121,7.43479,2.40653,0,0.92166,2.28287,1.0194,0.68153,1.41472,3.89277,0,0,0.71861,0,4.68331,0.84077,3.64299,0,0.45683,0,0.8872,1.90451,0,0,1.97982,1.67408,1.44541,0,3.18365,0,3.69672,1.58176,5.28962,0,4.27973,2.24245,2.5229,0.80337,0,0,0,0,1.38141,0,3.17778,0,1.31564,0.71459,0,1.90128,0.63062,2.33037,1.00738,0.36363,0.80741,0.89227,0,4.4781,0.6143,0.87314,1.64686,0.00463,0.50642,0,1.58561,0.36085,0,0.96675,0,0.19317,0,0.83288,0.02745,0,1.52365,1.67701,2.06532,6.33886,0.98662,1.98551,1.20592,1.50019,0.2395,1.62702,0,0,0.03974,1.52135,0.04105,0.85437,0,0,0,45.77053,0.23311,0,0.99219,0.00271,0.84504,0.00111,0.00991,0,3.09459,0.23564,0.6905,0.14474,0.00467,0,0,0.1908,9.38059,0,0,0,0,0.47941,0.08049,0.2177,0.02833,1.52274,0.02778,1.51608,1.07667,0,0.63288,0,2.66758,0.02392,0,0.08722,0,0.35175,1.65712,0.00053,4.96818,0.49113,0.00052,0.94165,1.28721,0.02036,0,0,0,0,0,3.45832,0,0.00596,4.98211,4.34899,0,1.0848,3.24386,0.41042,2.70961,0.11741,0,0,0.83017,0,0.83596,0.31948,4.38624,0,0,1.23552,0.72645,0.41798
s__Bacteroides_fragilis,0,0,0,0,0,0,0,0,2.81142,0,0,0,0,0,0,0,0,0,0.06065,0,0.73714,0,0.10319,0.55137,0,0,0,0,0,0,1.15581,0,0,0,0,0,0,0,0,1.5051,0,0.38659,0,0,0,0.04769,0.27878,0,0.21546,0,1.1572,2.75944,0,0,0,0.08132,0.34948,0,1.32678,0.07715,2.03754,0.58256,3.41426,1.1835,3.74752,0,0.03954,0,3.79972,0,2.0894,3.68662,1.94454,0.33578,0.07263,0.11737,5.44463,0,1.06855,0.01906,0,10.90037,1.80254,0,1.34864,0,0.05141,0.34095,0,0.3045,2.79399,0,0,0,0.10621,0,0.66555,0,0.15411,0.84073,0.7817,0.35834,0,0,0.02309,0,0.39241,5.03392,0,0,0,0,0,0,0.0276,0,0.15417,0.20842,0,0,2.81371,0,0.00211,0.00432,0,0.52445,0.71293,0.33758,1.48003,0.72362,0.04929,1.65183,0,0.87402,0,0.01069,0,0,0,0,0.53854,0.22016,0.40274,0.17799,0,1.46861,0,0.15221,0,0,0,0,0.68896,0.31132,0.63026,0.02641,0.52734,0,0.20788,0.19567,0.8929,0.05267,0.46767,0.0675,0.01075,2.36293,2.75206,0.04431,0.36612,2.07268,0.30335,0.29639,0.35035,1.13283,0.61803,2.14295,0,0,0.34082,0.16907,0,0.3521,0.34283,3.89204,0.284,17.26525,0.76331,0.09912,0.00241,9.22881,0.85804,0.95217,1.72087,0.99327,6.0721,2.40215,0.05965,0.07344,4.51882,0.01901,0.88627,0.80415,0,1.05679,0.02083,0.55599,0,0.46312,2.03942,12.75625,0,0.17841,2.71351,0.09503,0.60304,1.07117,2.15607,0.07053,6.07385,0.67921,0.01064,0,4.20354,0.49046,0,1.41388,0.01306,0.07324,0.00029,0.01657,4.74034,0.01285,0.00081,1.95465,0.18934,0.05325,0.00314,1.6325,0.5575,1.21378,8.33312,0.01744,3.6041,0.51963,0.03579,0.37752,0.33292,2.28634,0,0,0.08129,0,2.1511,32.89444,0.36847,4.11469,0.01139,5.03544,3.94975,0.21394,1.67703,0.14941,0,0.04159,2.38834,0.13248,3.24313,0.27158,0.01201,0.06115,1.13036,0.00059,0,3.87759,7.14921,0.28351,3.0189,0,1.30899,0.63611,0.6527,0.00029,0,0.0773,0
s__Dialister_invisus,0,0,0,0,0,0,0,0,0,2.39671,0.01529,2.04554,0,0,1.23825,1.38535,0,0.69693,8.42315,0.43822,0,3.76834,0,0,3.11097,0,24.91072,0,8.8007,0.89354,0.95497,0,0,3.82449,10.43728,0.02949,0,0,0,7.12973,0,0,6.49799,0,0,9.33978,0,0,0,0,0,0.05284,0,0,0,0,0,0,0,0,0,0,0,0,0,0,0.23943,0,0,8.91932,5.24966,0,0.75175,0,0,0,0,0.00225,0,1.29526,0,0,0,0,6.19102,0,0.28045,0,3.07708,4.71511,0,0,0,0,0,0,0,0,0,5.27651,0,0.62168,0,4.93182,0,0,14.67674,0.08229,0,0.06962,0,0,8.40095,3.62899,0,21.73196,0,0,3.25546,0,0,1.23449,0.00906,2.44061,0,0,4.69011,8.13456,4.05056,0,0.58171,0,0,0,0,0,0.91245,0,1.72989,0,3.71667,0.08348,0,0,0,2.09901,0,0.10703,13.02626,0,0,0,0,4.71926,0.20695,0.01988,0,0.14003,0,0,0,0,0,0,0,0,0,0.02314,0,0,0,0,2.09215,0,0,0,0,0,0,0,0,0,0,0,0,0,0,5.98125,0,0,0,0,0.06101,0,3.7924,0,0,0,2.68237,0,0,0,5.66522,0.01062,0,0,0,3.46945,1.64712,0,0,0,0,0,0,0,0,0,0,0.00074,0,0,0,0,0.04489,0,0,0,0,0.13853,0,0,0,0,0,0,0,0,0,0,0,0.00539,0,0,0,0,0,0,0,0,0,0.17622,0.44638,0,0.01241,0,0,0.15154,0,0,0,15.52909,0.01375,0.00153,0.00606,0,0.01837,0,0,0.23911,0,0,0,0,0,0,0,0,0.0263,0,0.02558,0,0,0,0
s__Eubacterium_eligens,0,0,0,1.15276,0,0.61955,0.27883,0,0.17215,0,0,0,0,0,0.05049,0,0,0,0,0,0.90888,0,0,0.70159,0.29631,0,0,0,0.05462,0,4.70425,0.09142,0.19212,0,1.24285,0,0,0.33124,0,0,0,0,0.40692,0.28456,2.80291,0,0.26743,0.1119,0,0,0.87471,0.38941,0,0.05693,2.24614,0.27366,0,0,1.02062,0.01675,0,1.56221,0.34258,0,0,2.766,0,0,0,0.22855,3.41698,0,0,0.20303,0.04902,1.5617,3.36853,1.18619,1.14814,6.64304,0.87463,0,0.17684,0,0.03245,0.27541,2.75911,0.47632,0.67709,0.49605,0.27774,0,0.5147,0,0,0,1.7866,0,4.14236,0.00194,1.43659,0.67093,1.64825,0.6776,0.4588,0,3.61042,0,0,0.69731,0,2.37851,1.44776,0,0.85094,1.72489,7.96287,0.47128,0,1.5627,0.58144,0.35523,0.73708,0,0.24258,0.08727,0.3143,0.932,0,1.76238,0.19121,0,1.52882,0,0.06786,0.1703,0.51691,0,0.48629,0,1.05339,0.57736,0,6.09485,0,0.75075,0.76859,4.95306,0.84881,0,0.74116,1.64177,0,0,0.94633,3.30016,0.13055,0,0,3.64715,4.24184,1.87826,0,0.41856,0.57568,0,0.80541,0,0.99624,2.25516,0,0,2.01617,6.30024,0,0.01106,1.21644,1.49129,0,1.5899,0,0.5968,0.21076,0,7.56837,0,0.71219,0,1.5578,0.01436,0.42119,0,0,0.0432,0.52953,2.138,4.34923,0,0,0.31298,0.74327,2.56928,0.80782,0.0344,0.04713,0,0.37579,0.1903,0.48761,0,0,0.71452,8.25803,0.00779,0.75516,13.05956,0,0,0,0.33624,0.97609,9.61031,0.01334,0.00762,0.00135,0.00225,0,0.00292,0.00094,0.00553,0.00276,0.02417,0.00111,0.07013,1.78507,0.00634,0.42797,3.27846,0.00151,0,0.19234,0.35675,0.005,1.86863,2.85644,0,3.95085,0,0.03961,0.59617,0.01469,2.03805,0,0.01258,5.24878,0.40796,0.18773,0,0.22857,3.10399,5.98228,0,0.53356,3.00E-04,4.96591,0.04129,14.97199,0,0.06805,4.35624,0.18286,0.62919,0,0,0.52247,0.34993,9.27468,4.56691,0.009,0.17017,0.0287,0.0138,5.82641,4.44778,0
s__Bacteroides_eggerthii,0,0,0,0,0,0,0,0.08801,0,0,0,0,0,0.24226,0,0.32502,0,0,0,0.38118,4.13361,0,3.17495,0,0,0,3.23936,0.12175,0,0,0.12935,3.43644,0,0,0,0,3.09936,0,0,0,0,10.49666,0.07453,0,0,0,0,0,0,0,0.0333,0,0,0,0,2.90897,0.9394,0,0,0.00185,0,2.511,0.02892,0,0,2.4698,0,0,0,0,0,0.03691,0,0,0,0,0,0,0,0,7.21554,0,0.00775,0,0,0,0,0,0,0,0,0,0.59109,0,14.18502,0,0.01915,0.53342,0,0.11751,0,4.40137,0.2496,0,0,35.95799,1.81994,1.05288,0,0.04636,0,0,0.00708,0,0,0.08191,0,1.07643,0,1.29802,0,0,0.143,0,0,0,2.3364,0,0,0,0,0.01859,5.8942,0.01439,0,0,6.3547,0.01022,0,0,0.02415,10.00047,0.0542,4.24255,0,0.01097,0,0.17334,0,0,0.52707,0,3.56862,8.65961,1.34423,0,0,37.06869,0,3.5358,0,3.24249,0,0,0,0,0,1.29836,0,0,0,0,0,0,0.02762,0.00235,0,0,0,0.32263,0,0,0,0,0.81158,0,0,0,22.06895,0.02779,0,0,0,0,0,0,0,0,0.03778,0.84863,5.63155,0,0,0.04567,0,0,0.19526,0,0,0,0,0,0,0.02289,0.75521,0,0.00027,0.11658,0,0.03443,1.96255,0.00034,0,0,0.03969,0,0,0.02253,0,0,0,0,0,0.58775,0,0,0.29294,0.01833,0,0.00579,0.00324,0.06513,0.00113,0.00533,0,0,0.02054,0.00533,1.3417,0.14092,0.00058,2.4582,0.03019,0,0,0.00197,0.17633,0.00026,1.93951,0,0,0.00385,0.00042,0.46181,0.00259,18.63546,0.00291,0,1.65846,0.65587,0.00213,5.69369,1.01707,0,0.0026,0.11351,0,3.95577,0.00769,0.56108,0,0.00054,0.41364,0,0
