Species,SAMEA3136648,SAMEA3136638,SAMEA3136670,SAMEA3136657,SAMEA3136660,SAMEA3136630,SAMEA3136634,SAMEA3136674,SAMEA3136663,SAMEA3136676,SAMEA3136644,SAMEA3136654,SAMEA3136673,SAMEA3136665,SAMEA3136664,SAMEA3136656,SAMEA3136650,SAMEA3136626,SAMEA3136668,SAMEA3136645,SAMEA3136662,SAMEA3136667,SAMEA3136624,SAMEA3136635,SAMEA3136625,SAMEA3136679,SAMEA3136632,SAMEA3136677,SAMEA3136633,SAMEA3136646,SAMEA3136652,SAMEA3136658,SAMEA3136623,SAMEA3136629,SAMEA3136661,SAMEA3136675,SAMEA3136639,SAMEA3136678,SAMEA3136651,SAMEA3136636,SAMEA3136655,SAMEA3136627,SAMEA3136631,SAMEA3136666,SAMEA3136640,SAMEA3136649,SAMEA3136672,SAMEA3136642,SAMEA3136628,SAMEA3136671,SAMEA3136653,SAMEA3136643,SAMEA3136641,SAMEA3136637,SAMEA3136659,SAMEA3136669,SAMEA3136647,SAMEA3178936,SAMEA3178937,SAMEA3178938,SAMEA3178939,SAMEA3178940,SAMEA3178943,CCIS00146684ST-4-0,CCIS00281083ST-3-0,CCIS02124300ST-4-0,CCIS02856720ST-4-0,CCIS03473770ST-4-0,CCIS03857607ST-4-0,CCIS05314658ST-4-0,CCIS07277498ST-4-0,CCIS07539127ST-4-0,CCIS07648107ST-4-0,CCIS09568613ST-4-0,CCIS10706551ST-3-0,CCIS11354283ST-4-0,CCIS11362406ST-4-0,CCIS11558985ST-4-0,CCIS13047523ST-4-0,CCIS15794887ST-4-0,CCIS16326685ST-4-0,CCIS16383318ST-4-0,CCIS16561622ST-4-0,CCIS20795251ST-4-0,CCIS21126322ST-4-0,CCIS23164343ST-4-0,CCIS27304052ST-3-0,CCIS27927933ST-4-0,CCIS29210128ST-4-0,CCIS29688262ST-20-0,CCIS32452666ST-4-0,CCIS34604008ST-4-0,CCIS36699628ST-4-0,CCIS36797902ST-4-0,CCIS41692898ST-4-0,CCIS44093303ST-4-0,CCIS45571137ST-3-0,CCIS45793747ST-4-0,CCIS48174381ST-4-0,CCIS50003399ST-4-0,CCIS50471204ST-4-0,CCIS51595129ST-4-0,CCIS63448910ST-4-0,CCIS63468405ST-4-0,CCIS63910149ST-4-0,CCIS64773582ST-4-0,CCIS64785924ST-20-0,CCIS71578391ST-4-0,CCIS74239020ST-4-0,CCIS78100604ST-4-0,CCIS79210440ST-3-0,CCIS80834637ST-4-0,CCIS81139242ST-4-0,CCIS82507866ST-3-0,CCIS82944710ST-20-0,CCIS88007743ST-4-0,CCIS88317640ST-4-0,CCIS90164298ST-4-0,CCIS93040568ST-20-0,CCIS94417875ST-3-0,CCIS94603952ST-4-0,CCIS95097901ST-4-0,CCIS95409808ST-4-0,CCIS98482370ST-3-0,CCMD10032470ST-11-0,CCMD10191450ST-11-0,CCMD15562448ST-11-0,CCMD17410933ST-11-0,CCMD18579000ST-11-0,CCMD18829815ST-11-0,CCMD22852639ST-11-0,CCMD23541216ST-11-0,CCMD25475945ST-11-0,CCMD26625622ST-11-0,CCMD27867141ST-11-0,CCMD28738636ST-11-0,CCMD29706695ST-11-0,CCMD30626189ST-11-0,CCMD30627121ST-11-0,CCMD31009081ST-11-0,CCMD31134579ST-11-0,CCMD32288175ST-11-0,CCMD32965613ST-11-0,CCMD35081859ST-11-0,CCMD35801800ST-11-0,CCMD37575804ST-11-0,CCMD38158721ST-11-0,CCMD39157124ST-11-0,CCMD39882286ST-11-0,CCMD41202658ST-11-0,CCMD41521570ST-11-0,CCMD45004878ST-11-0,CCMD45812507ST-11-0,CCMD46727384ST-11-0,CCMD49025643ST-11-0,CCMD49942357ST-11-0,CCMD50300306ST-11-0,CCMD50529145ST-11-0,CCMD50538120ST-11-0,CCMD51154251ST-11-0,CCMD51228890ST-11-0,CCMD53508245ST-11-0,CCMD53522274ST-11-0,CCMD54057834ST-11-0,CCMD56948710ST-11-0,CCMD59540613ST-11-0,CCMD66848156ST-11-0,CCMD67373733ST-11-0,CCMD68973846ST-11-0,CCMD72666896ST-11-0,CCMD73128545ST-11-0,CCMD74592084ST-11-0,CCMD75147712ST-11-0,CCMD76409700ST-11-0,CCMD85481373ST-11-0,CCMD85661207ST-11-0,CCMD89107682ST-11-0,CCMD89643949ST-11-0,CCMD89967135ST-11-0,CCMD93755960ST-11-0,CCMD98198513ST-11-0,CCMD98702133ST-11-0,CCMD99440714ST-11-0,CCMD99929634ST-11-0,MMRS11288076ST-27-0-0,MMRS11932626ST-27-0-0,MMRS17603756ST-27-0-0,MMRS17963147ST-27-0-0,MMRS20257302ST-27-0-0,MMRS21365932ST-27-0-0,MMRS25211151ST-27-0-0,MMRS29805707ST-27-0-0,MMRS32573774ST-27-0-0,MMRS33294861ST-27-0-0,MMRS34569532ST-27-0-0,MMRS35808664ST-27-0-0,MMRS36405092ST-27-0-0,MMRS38861560ST-27-0-0,MMRS38954404ST-27-0-0,MMRS39415781ST-27-0-0,MMRS39582183ST-27-0-0,MMRS40913371ST-27-0-0,MMRS51307502ST-27-0-0,MMRS51737257ST-27-0-0,MMRS54246132ST-27-0-0,MMRS56137463ST-27-0-0,MMRS57276462ST-27-0-0,MMRS57569834ST-27-0-0,MMRS61683006ST-27-0-0,MMRS62192467ST-27-0-0,MMRS62666492ST-27-0-0,MMRS64281551ST-27-0-0,MMRS65742083ST-27-0-0,MMRS65862658ST-27-0-0,MMRS66868025ST-27-0-0,MMRS67096717ST-27-0-0,MMRS68630931ST-27-0-0,MMRS73787048ST-27-0-0,MMRS79893829ST-27-0-0,MMRS81130264ST-27-0-0,MMRS81135225ST-27-0-0,MMRS84085284ST-27-0-0,MMRS84159866ST-27-0-0,MMRS85438660ST-27-0-0,MMRS85548821ST-27-0-0,MMRS86168210ST-27-0-0,MMRS87723283ST-27-0-0,MMRS88581325ST-27-0-0,MMRS91297590ST-27-0-0,MMRS92546335ST-27-0-0,MMRS93621581ST-27-0-0,MMRS94549160ST-27-0-0,MMRS95277876ST-27-0-0,MMRS95479054ST-27-0-0,MMRS95674036ST-27-0-0,MMRS97307143ST-27-0-0,ERR1018193,ERR1018195,ERR1018205,ERR1018209,ERR1018217,ERR1018232,ERR1018233,ERR1018234,ERR1018235,ERR1018236,ERR1018237,ERR1018238,ERR1018239,ERR1018240,ERR1018241,ERR1018242,ERR1018243,ERR1018244,ERR1018245,ERR1018246,ERR1018247,ERR1018248,ERR1018249,ERR1018250,ERR1018251,ERR1018252,ERR1018253,ERR1018254,ERR1018255,ERR1018256,ERR1018257,ERR1018258,ERR1018259,ERR1018260,ERR1018261,ERR1018262,ERR1018263,ERR1018264,ERR1018265,ERR1018266,ERR1018267,ERR1018268,ERR1018269,ERR1018270,ERR1018271,ERR1018272,ERR1018273,ERR1018274,ERR1018275,ERR1018276,ERR1018277,ERR1018278,ERR1018308,ERR1018309
s__Faecalibacterium_prausnitzii,4.38752,6.96372,24.18501,0.44629,1.85099,21.36282,10.30405,6.79119,12.25721,11.22753,8.56928,20.68988,9.76027,1.47827,7.20062,6.5105,0,0,1.71781,2.68655,5.84448,10.99411,1.04276,0,1.7177,0.05472,12.57276,0,0.69825,1.4808,17.93125,4.41248,15.00924,8.37148,0,20.27048,0.25667,3.31914,1.9978,0.07575,1.86482,2.07738,3.6269,6.2836,0.62016,0,10.30208,6.03345,3.98654,4.93262,4.45394,0.94077,6.23572,1.62014,8.09327,23.95719,0,0,24.08847,10.1182,20.27115,3.26902,1.1864,7.89297,2.05639,15.8126,5.9988,10.68302,17.12174,13.82267,8.88387,11.41007,11.57819,7.09274,6.04185,12.0113,5.81896,6.68367,14.02789,14.33719,5.94722,0.83952,2.80489,1.69124,13.71235,1.36357,1.99754,0.30531,1.69056,0.51405,8.7731,18.32065,2.5278,1.22777,8.77551,0.00631,3.04215,13.45663,4.37603,24.47687,8.07932,7.14691,0.00705,6.67872,5.05836,11.83039,1.87482,23.8865,20.9145,8.87402,1.41984,19.08513,19.28888,2.19156,0.4308,3.033,2.80143,18.61545,3.6626,6.66542,16.81006,3.37403,1.98601,9.12732,25.45198,44.6172,12.67229,15.17666,13.08535,10.33605,13.65911,6.02886,3.55875,2.52072,7.39577,10.77504,10.33766,6.56505,1.42998,13.24225,5.12841,12.84407,16.68594,33.03506,7.25455,18.65339,15.98669,11.94241,23.43596,6.11659,23.25987,6.79788,10.84653,7.15719,4.85618,11.54535,19.89615,31.95868,52.04744,35.60521,8.2134,9.65874,18.05649,16.78659,10.25755,9.33476,17.13867,8.08933,10.04733,0.41663,7.61443,24.59041,0,8.78726,9.9745,16.50678,18.26884,23.96002,7.54571,26.67097,12.10358,10.64735,22.48232,15.75693,9.93204,9.82585,0.34635,6.35918,3.23597,16.74577,1.91897,6.66703,6.91684,7.53651,10.11584,7.76429,20.10464,4.44144,8.43216,1.11936,11.7878,4.8077,36.51574,12.76222,21.59943,5.11701,16.48698,1.23345,11.53075,2.26376,13.7776,16.42364,17.72545,13.32813,53.69259,5.07907,10.55612,6.61197,2.05338,8.7017,3.81713,4.30788,13.11597,0.05781,4.2955,52.62432,10.7869,9.05209,20.99463,10.09302,6.34368,13.77669,19.22974,24.44905,9.32965,31.01509,0.122,2.28659,2.50732,5.42971,10.25822,12.93798,0.26536,0.00051,21.63417,5.95238,4.36061,29.43271,1.0581,15.55448,0.00863,7.74182,0.01688,5.49848,8.25873,19.06813,2.61948,4.15351,5.63461,46.67203,6.30114,23.98905,3.63995,3.61992,8.19449,16.7328,11.37375,0,9.67763,0.14429,8.36912,13.52681,16.9929,5.76444,5.89986,5.44271,3.36572,6.4218,7.77112,8.04063,2.52978,3.55101,10.21061,3.49025,10.85932,5.5454,9.53555,6.89827,11.40662,6.46487
s__Eubacterium_rectale,0.54482,9.26774,2.5575,0,3.30526,0,11.73705,10.7763,0.03808,9.33763,5.34013,8.70127,12.73074,0.02805,10.7684,29.21824,0,7.72431,0,8.26828,11.02054,7.34793,2.56267,0,2.02623,16.55591,4.92149,0.08462,0.09826,0.24658,0.02759,0.48809,8.55946,9.49232,2.37011,12.97329,0.50985,3.31911,0.14556,0,1.90742,0.37032,0,1.85184,0.04685,13.49534,4.16261,3.78639,1.73441,25.98007,14.41369,2.10418,19.10308,0.21288,0.42304,0.06044,0,0,8.30049,4.08613,18.7501,11.18254,1.13465,3.44834,0.15558,10.71158,11.2951,9.02398,0.67827,6.28116,14.7276,0,0.00778,1.98226,12.03373,10.65217,3.87404,4.34428,22.19818,0.26845,0.06965,2.43441,1.14468,0.94318,12.59895,8.33497,7.37917,0.00678,0.01264,3.63281,10.10427,0.04639,1.53734,0.03045,11.25342,0.02133,6.7324,6.5035,1.1905,8.85791,8.93817,2.24757,0.83783,0.78045,7.09681,7.19626,1.28638,11.07349,1.83712,0.03616,4.65125,15.30378,0.03542,5.65093,16.44127,4.63246,2.49188,1.20211,0,0.29613,8.23369,0.1376,4.09933,7.65182,17.17355,5.13929,6.45219,33.15955,11.62702,19.67323,2.48966,1.18878,19.53715,18.43309,0.82991,3.56565,1.71474,3.74994,0.37671,4.12153,0.60326,6.66087,2.82881,8.93244,12.16899,8.96628,15.29701,22.77337,3.17482,5.04769,7.07655,15.04541,31.21109,0.59273,1.11311,42.0856,0.58267,7.21052,1.24503,15.66793,7.37602,8.41174,1.54327,0.4598,2.94811,6.38534,4.13092,1.40419,8.16006,0.01378,15.98669,19.87389,0,14.18683,2.23816,15.22816,2.20033,0.02213,0.94858,12.95423,44.79484,29.55109,0.15194,22.4055,0.07055,3.95658,1.05215,3.44105,6.39527,0.06354,1.2004,16.28809,1.82409,18.77009,5.37817,1.31472,3.00187,3.80472,3.64711,5.59514,4.04122,12.83231,0.63902,9.22448,0.65625,4.68707,8.52221,5.47951,2.91536,0.17455,2.2975,5.67037,3.89617,18.21236,2.43466,1.96628,0.08257,3.0035,0.71704,12.28161,7.44487,0.10937,1.10089,0.04226,5.05142,0.73031,0.49514,0.70088,4.65146,0.02727,11.14013,6.37064,3.04698,6.65675,0,2.16061,5.02578,0.00062,0.21571,0.00076,1.61304,11.9644,0.10852,0.01168,10.90615,2.81441,0,0.00248,0,5.90301,0,2.89181,0,0.0033,6.95199,18.2477,6.33062,5.47223,2.49053,0,1.47891,2.77154,0.41825,0.04518,4.64426,0.20038,12.43778,0,11.80354,0.69833,0.00232,0.79931,0,9.80623,0.24103,0.26563,0.70028,10.24892,5.00789,8.66491,0.82719,4.44276,0.00805,14.32809,6.46828,23.92861,0.0058,28.09198,34.8209,3.4089
s__Ruminococcus_bromii,9.75372,7.87433,0.05687,0,0.07915,14.25068,8.07695,5.25224,31.46287,29.123,8.46262,7.42214,15.73159,0,0,9.92889,0,20.14632,0,17.08337,14.33882,0.0837,20.7866,0,14.24008,4.56736,0.51256,0,0,0,0,3.77574,30.52944,0,6.26978,9.20311,0,2.9848,0,0,4.25171,7.21202,25.14045,2.94596,0,0,18.56936,8.35117,0,22.26885,0,0.02228,2.67999,0.02889,0,3.87434,0,0,0,3.22402,10.35666,0.46543,4.68688,3.95631,0,6.048,17.44241,4.04551,0.1119,3.97012,0.28633,0.04192,0.06195,0.0166,0.6926,14.0465,2.58052,0.3573,11.14668,0.15787,0.12392,1.57142,0.05234,8.14027,5.95166,29.07167,21.89232,19.25937,9.13622,0,9.87359,24.02254,0.02756,0,9.9845,0.29599,6.70627,9.73657,0.05487,14.19069,9.80347,6.01154,0.00635,0.14122,19.24455,4.11308,24.04837,8.78869,10.1394,24.59937,1.52759,0.08994,15.75136,2.0692,25.76266,4.85128,5.50924,2.19905,16.68032,4.72378,9.48617,18.80947,9.85206,1.44387,1.12904,1.46632,0,0.03908,3.9475,4.66956,2.98456,0.05114,8.70773,0.05451,3.44748,0,1.13873,1.35594,0.27876,0.04519,4.00981,0,5.95987,1.71214,0.04839,11.87811,1.86627,1.29917,10.88914,0.71558,1.65405,2.47965,13.96467,6.99971,6.57837,5.74551,0,3.01216,0,3.75244,2.37224,14.84523,0,1.76481,1.88143,0,4.1296,0.5288,0,0.01478,0,11.19868,0,5.98366,2.25145,0.08334,8.73659,0,7.14923,0.05425,0.79737,0.43511,0,0.04582,5.69128,0.39447,0.49055,3.49455,1.36926,0,0,4.91252,0,0.01641,0,0.0775,4.04416,0.8376,0.01236,1.9705,0.53091,0,0,0.22559,0,1.72133,1.668,0.39149,0.075,0,0,0,1.61416,0.23197,0,3.98996,0,2.1346,0.25,0.06488,1.35892,7.36679,0.33068,0,1.61147,0,4.18757,5.4524,0,0,0.06041,0,0.12231,0.7723,0,0,0.0032,0.00216,0.00168,9.11949,0.00356,11.59983,0.00021,0.08643,0.00026,0.00141,0.00721,0.002,15.83372,0.01196,0.00248,17.0239,0.004,0.00322,23.40677,0.07458,0.62307,0.00617,1.38411,6.63588,7.22934,15.41977,13.50848,25.32853,0.01397,11.20508,0.02054,10.3735,10.80394,3.43964,0.00358,4.80928,0,0.00377,1.44981,28.08059,4.04832,0.00483,12.99992,3.14711,1.54656,3.69961,3.91075,0.00672,0.01296,1.20169,0.00278,4.32947,0.00623,35.41905
s__Bifidobacterium_adolescentis,5.35405,11.61872,12.97262,42.63523,0.10298,0,0,0,10.91438,0.14158,1.41092,0,21.06751,0.0209,7.13657,2.93948,0,0,0.05206,5.21336,14.99095,1.50758,8.60205,30.15705,11.26163,15.98366,7.83206,0,38.75053,0.33658,10.40091,1.45629,0,0,33.70838,21.38545,0,0.28388,53.45224,0,0,0,0,45.99947,0,0,13.66449,0,16.3938,5.68552,14.39616,0,0,4.04969,1.49083,2.94429,0.05647,28.67248,0.153,2.00804,5.54242,3.98657,9.65794,0,0,3.51252,0,0,0.13484,8.98375,0,1.63472,0,6.80201,1.10087,0.02162,16.32993,0,0.05007,3.79179,13.23417,0.4074,0,16.7142,0.89293,0,0.02963,0,0,8.00143,0,0,21.16025,15.99237,6.74626,0,0.41671,0.01087,0,0.0079,0,0.02316,0,0,0,0,3.39503,0.00884,1.78922,0,0,0,0,0.23376,2.76847,10.6331,16.49078,21.67089,0,0.89849,5.60635,0.02803,2.63969,0,2.41568,12.12925,0.52072,0,0.65798,0.1066,1.56842,0,0,0.9149,0.22039,3.03457,1.70506,18.91338,0,4.00306,0,0.06222,0.18559,2.86585,0.18211,15.20005,0,2.52406,1.04637,0.0972,10.82598,3.13811,0.24892,0,0,0.14267,0,4.13138,5.4535,0,33.01151,1.90011,0,0,6.34213,3.17789,1.04455,0.50791,0.83639,23.82349,0,0.03961,0,5.18421,0.24805,6.92806,19.69747,0,6.76752,0.02848,1.54311,0,0,3.52413,0,0.33373,0,0.01913,0.05035,0,0.00224,0,0,1.3437,0,0,1.36173,0,0,0,0.70347,0,0.34243,0,0.03673,0,0,0,0,0,0.30553,0,0.00631,0,0,37.31427,0.30277,0,0.07225,1.98708,0.03345,1.95795,0,0,0,0,0,14.62937,0.02817,0.05555,0,1.38069,4.47433,2.4021,0,10.88911,0.20324,8.27075,7.28054,0.00475,5.25361,0.474,0.0021,0,0.59408,0.68974,0,2.93934,12.0181,0,0,0.49583,5.0551,2.89732,0.15663,0.77482,1.53738,2.46566,1.06476,0.8168,0,2.7107,7.27929,16.04425,0,6.07401,0.00046,11.67551,0.10658,0.42843,0.00031,1.22273,0,0.00182,0.18026,0,3.25598,0.00075,3.02646,0.24343,0,0.11428,0,0,1.79939,0.31501,1.40329,0,0,0
s__Bacteroides_uniformis,7.37375,0,0,0.00531,0,0.49333,0.34201,0.17216,0.05745,0,1.49756,1.14676,0.13891,0.88553,0.5006,1.33332,0,0,1.83776,0.47927,0,0.62257,0.01854,0.03012,0.14925,0,0,0,0,0.10176,0.59015,1.21443,0.14946,0.03822,0,1.17913,0,0.87656,0,0,0.35427,1.31267,0.248,0,0,0,0.58887,0.60853,0,1.05735,1.24452,0.47377,6.80709,0,0.52386,0.96548,11.62348,1.55687,2.95179,2.03485,1.9236,0.07904,4.80436,1.71368,2.31274,0.37371,4.82993,3.81774,0.083,2.6775,1.86899,1.94012,0.83317,2.04737,3.16925,8.31544,1.76734,1.88547,8.08635,1.12314,9.93479,1.5301,3.58675,1.64844,1.29812,0.15891,8.20147,0.03884,0.57113,1.02115,6.17577,0.30662,0.81264,0.83199,1.15791,0.02043,1.75543,3.31515,1.22966,2.09595,3.0164,1.40599,0.76848,1.27736,0.61583,16.47931,1.85819,1.24763,0.83503,3.84445,0.32494,18.67645,3.73335,3.60376,10.45376,4.05528,4.37772,0.56719,3.58923,9.54225,8.0961,1.84168,0.27533,3.69534,4.1908,0.30217,1.29871,2.47309,4.89182,19.14757,1.07579,1.33877,5.51712,5.96608,4.16797,0,2.2974,0.27293,0.51163,1.13587,1.08074,16.99348,4.31496,3.23607,3.96644,10.26265,14.30293,1.73414,0.04864,0.26168,3.78023,1.43925,1.95256,9.79733,0.06406,0.23436,1.43036,3.01635,1.02155,2.93425,5.41392,13.04874,1.63385,7.90114,13.33862,7.15959,7.73961,1.08394,9.95876,1.51443,6.42818,2.31203,0.32769,2.08114,0.38829,1.72217,3.96899,0.56704,3.65599,9.58632,4.40065,0.32193,4.23591,0.49392,8.37736,2.59747,2.32694,1.61543,8.16481,5.41886,13.63369,0.07907,0.68722,1.98008,4.89471,1.84116,6.47755,8.94271,3.33624,27.55642,0.87768,0.09616,5.15177,0.53099,0.49071,11.2779,1.72188,8.67621,8.172,0.08437,1.88822,3.41276,1.59148,3.07789,1.67936,0.51143,3.02927,0.12169,3.69194,0.14998,8.64716,3.99457,0.92574,21.84136,35.41035,0.9814,2.8117,1.14594,29.07107,1.27731,5.72473,5.64233,3.3435,2.14512,6.24527,2.57968,0.42034,10.88779,0.31411,1.18012,0.03259,0.56044,0.11205,0.0133,0.12979,0.71773,0.00088,0.2019,3.06933,2.06178,2.14104,0.69107,0.60544,0.23746,2.35917,0.54664,4.91108,2.08837,0.27741,0,0,0.04799,0.45022,1.55839,6.54032,0.21167,1.90153,0,2.24153,1.94766,5.61369,0.00071,0.00526,2.10024,5.07486,9.6036,0.37769,1.02154,15.20708,1.91747,0.16244,0.23382,0.78183,6.6366,5.15191,12.73709,0.14206,0.70169,0.30345,0.02863
s__Bifidobacterium_longum,5.34942,7.22502,13.5152,0,0.69804,0,4.63232,19.01935,11.96632,5.53671,4.52082,1.78694,13.37009,45.36771,5.75223,2.84424,6.48977,0,0.16237,11.2824,3.5968,1.3871,11.33514,11.40882,5.86239,3.7926,7.73598,0,8.86914,3.76438,8.18839,6.06765,0,8.22153,19.89053,5.75733,35.75382,0.73106,3.63432,0,2.83181,2.04868,1.06792,4.30387,4.61227,0,10.06794,0,5.93792,0,5.01732,23.07103,0,13.82887,0,12.73974,0,3.5047,0,0.76175,1.25113,7.08609,3.62809,19.68731,0,0,0.37823,4.63844,0,10.13899,9.45332,1.42686,0.00399,1.34505,0.28649,4.01068,2.14519,0,0,2.49558,1.61011,0.5975,0,33.5509,0.80407,0.05861,0.04731,54.55528,0.45713,0,0,0,0.11748,0.84407,17.69056,0,0.19406,1.44584,0.71155,4.77512,0,0.70978,0,1.98399,1.63927,0.39615,14.98836,1.6006,0.91535,7.05063,0,0.36121,4.22465,0.14821,1.98582,5.06654,3.36055,1.61111,12.10901,2.05429,6.30924,3.77983,2.62884,0.05885,0.85579,3.57976,0.05713,3.22828,1.98356,0.31273,2.54159,0,0.47034,0.12465,3.62423,1.12683,0.10139,0.6164,0,0.65258,0.32435,0,0,0.77797,0.87914,1.36046,0,0.88394,0.13368,0.04173,1.0123,1.27906,0.41334,0,0,3.16532,0.91144,2.90291,1.50099,0,4.49009,2.97976,0,0.61187,1.43366,0.97956,5.9407,0.21484,0,6.51186,0,7.77355,0,1.45544,0.69947,0.38651,8.10621,0,4.938,2.44835,0.13096,0,2.3797,0,0,0.84165,0,0,0,0.17748,0,0.0356,0,0.60123,0.6915,0.05642,15.04261,4.65766,0.39843,0,0,1.31107,0,0,0.09281,0.82547,0,0.70766,0,0,0,0,0,0,0,7.08255,0.65223,4.28253,0.02523,1.83192,0.02184,1.51166,0.25813,0,0,0,0,3.41388,0.00642,12.36237,0,1.62331,1.70131,0.61287,0.43304,0,0.00713,2.02252,5.37449,1.37373,3.67659,0.01724,2.27471,0.30918,0.53114,0.07777,0.84007,2.97344,2.21499,0.08314,0.50829,0.493,3.0869,0,0.3643,1.99843,0.68048,0.65546,0.07281,0.9872,0.04348,0.74677,12.56886,2.56243,0.40713,1.22421,1.0555,0.74388,0.00655,0,3.5162,0.64049,1.9233,2.49707,0.28618,1.88332,0.45522,0,0,0.17143,0,0.23626,0.12104,0,0.42536,0.23421,0.23869,0.05039,0,0.62517
s__Bacteroides_vulgatus,0,0.29201,0.59566,0.32576,0,0,0,0.38478,0.6156,0,1.67506,1.35623,0.18792,0.47756,1.10765,0.33395,0,0,2.58784,0.01444,0.01365,0.88946,0,0,0,0,0.1857,0,0,1.21415,0.21594,0.56219,0,2.58971,0,0.02005,0,0.02739,0.34888,0,0.16285,1.29571,0,0.02008,0,0,0.06076,0.05541,0,0,0.06011,0,0,0,0,3.27736,36.19504,0,4.53907,1.33176,1.92449,0.38268,0.66176,2.80621,2.18751,1.35249,2.11967,1.91218,0.55557,4.1167,1.39052,7.82081,7.61848,0.75542,5.23933,1.09676,0.36324,0.23147,7.14544,0.43719,4.3294,4.55158,0.66656,1.23289,0.04397,0.27473,0.84272,0.02425,5.21383,0.59556,0.90943,1.37606,0.2527,2.42836,1.80775,17.41278,2.71851,1.0637,3.4409,2.60222,4.0291,2.76589,0,1.54965,4.4977,0.61463,0.08156,0.96755,4.56684,2.40068,6.90362,5.94558,4.23743,10.08762,0,7.13411,0.83678,0.16865,0.34919,3.26067,0.76902,2.67998,0.34264,5.16874,1.81143,0.18373,1.86042,2.09282,0.16586,3.71117,0.64207,8.21322,0.88709,0.05478,0.53787,34.54188,2.45767,0.29798,0.91667,0.40024,0.01383,0.00655,1.13057,1.36099,6.22421,2.437,0,3.44005,0,0.85372,3.81541,0.87876,4.95071,0.00414,2.22762,4.8907,0.34033,0.32013,0.11877,0.32567,2.04727,10.33397,1.87888,2.29362,0,3.94656,3.56149,0.38477,4.69119,1.74361,10.39443,3.67779,0,5.07457,2.9202,6.33969,0.90257,0.44341,0.95054,0.97848,9.20311,4.91719,1.856,2.38789,1.75423,2.91135,1.97682,3.44137,1.28133,0.28056,7.70911,1.2971,0.37441,0.23834,2.57555,0.93783,0.57004,6.20149,1.36201,0.2618,1.25884,7.62098,0.83731,0.70168,1.8674,21.70564,2.84353,1.57911,5.68689,0.28614,2.27359,5.57667,0.65738,1.4637,0.34643,3.69742,8.60435,12.00523,0.81833,2.65875,3.18208,0.10377,3.96793,0.15303,11.34999,1.52421,0.22005,1.56391,0.12689,0.47394,4.57527,1.24593,0.50472,3.10346,4.64212,0.34383,3.36673,8.60455,0.30785,10.229,0.32404,0.16949,7.115,0.05331,3.24377,1.05028,0.01831,0.00823,0.6825,0.55893,24.19188,0.11981,76.73046,1.1645,0.27508,0.70109,0.04119,1.036,0.82008,0.00177,1.40129,1.50972,0,0.40502,2.2928,0.80613,0.47842,0.00253,0.16677,2.48285,1.73033,0.29263,1.6417,3.73575,1.22172,6.76815,2.15162,1.66698,0.00282,0.00266,0.35462,1.96476,0.00537,8.34674,4.64749,4.36834,0.55912,2.29325,0.00085,0.03376
s__Escherichia_coli,0,0,0,0.15755,0.74389,0,13.76018,0,0,0,0,0,0,0.64088,0.2182,0,0,0,0,0.15037,0,0.13447,0,0.43508,0,21.92449,8.05945,4.18946,7.46143,0.7548,3.95794,1.19024,0,1.11003,0,0,0,52.18165,0,1.13449,0,5.59331,0,0.1452,0,1.01414,0,0,13.67059,0.23505,0,0,0.10496,0,9.84106,0,0.30458,0,0,0,0,0.77998,0.575,0.06216,0,0,8.74563,1.49169,0,1.47158,0,0.13551,0,16.74827,0,0.71882,9.68364,0,0.08753,0,0,3.44358,0,0,0,2.44349,0.43969,0,0,0.05565,0.66305,0,13.85728,2.11466,0.2546,0.33516,0,2.4541,2.02728,0,0.19087,0.04229,3.082,15.26464,0,1.33968,0,0.06807,0.08287,0.55196,10.60618,0,0,0,0,8.00426,1.92754,0.08296,0,0,1.76288,1.01379,2.37249,0,0,0,29.63542,0,0.72182,0,0,0,21.40392,0.04966,0,0,0,0,0.11482,0,0,9.18902,1.29957,0.03938,0.18521,0,0,0,0,1.4647,0,0,0,0.74591,2.08064,0,0,0.28011,0,0,0,0.49969,0,0,0,0,0.24336,0,0,0,0,0.02992,0,0.08585,23.1557,0.2635,0,0,0.11808,0,0,0,0,0,0.11183,0.35468,0,0,0.3777,0,0.78358,0.08627,0.25001,0,0,14.30519,0,0,0.07655,0,0,0,0,0.13945,0,1.28983,0,0,0,0,0,0.95741,0.09857,0,0,0.18015,0,1.24061,0,0.06314,0,0,0,0,0,0.22253,0.04014,0,0,0.04627,0.38062,1.22284,0.09528,0,0,0,29.41922,0.04862,0.5367,1.42697,0.30477,1.65628,0.20253,46.64306,0.04284,2.06015,18.02228,1.2853,3.37682,1.08173,2.36619,42.6655,0.18278,0.46552,6.75213,2.75397,59.38055,11.80551,0.02721,0.31197,1.12818,0.65285,0.58057,0.18254,3.74816,0.13919,6.05029,0.66839,1.29621,0.08785,0.75224,0.2165,1.60111,41.37139,1.22979,0.02533,0.40901,0,0.12378,0.00985,75.21859,0.4653,0.64052,0.00421,0.11138,0.0095,0.09235,9.48359,0.08081,4.16728
s__Alistipes_putredinis,0.38614,0.77026,0,0,0,0,0,0,2.38633,0,5.1466,6.27055,0,1.63905,4.01141,0.19004,0,0,0,1.54219,0,0.13685,0.03959,0,0,0,0,0,0,0.63061,1.03314,1.1982,0,1.32461,0,1.63857,0,0.54144,0.50107,0,0,1.06663,0,0,0,0,0.018,0,0,0,3.06512,0,9.63107,0,0,0.66768,0,1.97602,4.58744,0,2.49154,0,3.37682,11.85569,2.88694,0,1.50461,4.57339,0,2.39604,1.00144,6.35056,2.10329,2.86377,2.44957,1.94864,0,6.5817,1.77339,0,0,0.4139,6.01197,0.26252,2.31836,0.20641,3.24283,0,1.85193,0.41745,3.87909,6.34985,0.16233,0,5.31418,5.09242,1.44004,3.81369,0.83746,0,4.68383,1.43077,0,4.97699,1.49243,9.86977,0.07548,0,0.54101,1.67915,2.86026,4.46625,0,1.60574,1.82958,0,1.26565,2.02371,0,1.79496,2.10306,0.07178,0.27009,0.92566,3.97301,2.466,3.53522,0,1.19815,1.98817,9.97514,2.16228,2.93221,0,4.4344,0,0,0.26594,0,5.6749,2.82811,6.08558,2.37815,6.07151,1.90104,1.46924,2.55878,1.6152,0,2.02713,0,4.05398,0,4.53612,14.72586,0,0,0,0,5.6232,1.26732,3.91737,2.72836,3.99197,2.91451,6.05302,0.45325,0.27673,1.66168,0,4.43673,0.64859,0,1.2126,2.62713,2.72004,1.9231,6.18437,0.6993,6.12928,2.02851,0.68455,9.60163,6.52658,1.48698,3.76343,7.91142,5.11017,0.1434,5.35364,6.83852,5.46425,0.99248,9.30335,10.48075,6.34095,0,6.82387,6.18395,0.82448,5.67956,6.32161,2.49446,1.91097,5.68929,3.09186,1.41323,6.48683,6.22055,0,9.81388,0,1.72247,4.62098,4.97532,3.62844,2.92911,0,8.27148,0.40745,4.55101,0,1.92825,0,5.04557,4.80101,9.60352,7.13355,0.01914,1.2966,5.20482,6.18929,4.65073,3.27447,4.73436,8.65784,3.03868,0.00688,0.01355,4.39118,0.01669,0.67782,0.00032,0,3.43478,1.80746,0,0,1.04485,12.00133,0,0.65288,0,0,2.29153,0.9416,0.00187,6.20614,1.86737,0.73984,0,0.06337,0.00326,4.33394,0,1.41496,1.44085,0,3.982,1.00777,0,4.29843,0,0,12.163,9.13561,2.34975,5.60846,4.01834,0,1.29819,11.12539,0.08211,2.54584,0,4.53961,1.1151,3.30202,3.22353,0
s__Prevotella_copri,0,0,0,0,0,0,0,0,0,0,0,0,0,0,0,0,0,0.10709,0,0,0,0,0.03354,0,0,0,0,0,0,0,0,0,0,0,0,0,0,0,0,0,0,0.0485,0,0,0,0,0,0,0,0,0,0,0,0.53327,0.80032,0,0,0,0,0,0,0,0,0,60.79347,6.06028,0,0.02122,6.69043,0,1.78737,0.36105,0,0,0,0.00932,0.68514,0,0,5.23794,8.30007,7.24004,0,0,0.06708,0,0,0,0,0,0,2.24386,0,0.20527,0,0,0.2294,0,0.33186,0,0,0,0,9.71917,0,0,0,0,0,0,3.00876,0,0.04469,0,0,0,0,6.05121,0.62626,0,0,0,0,0,0.04767,0,0,0,0,0,0,0,0,0,0.01818,0,16.10988,31.90397,5.92164,8.73456,29.43181,0,0,0.20294,0.07957,0.02845,0,0,3.10818,22.38339,0,0,0,0,0,0,29.61819,3.77941,0,0.00622,0.09988,0,23.50335,0,0,0,0.04043,13.49094,16.7433,0,0,0.00682,0.01977,0,0,0.26278,0,16.98004,0,0,0,0,0,0,0,0.01033,0.03548,0,0,0.03457,0.02234,0.05896,0.13483,0.04107,0.02827,22.40715,0,0.13884,0,0.03202,11.54383,0.00986,0,0,32.45428,0.03301,0.01737,14.38493,0.03861,0.03849,10.9012,36.28214,8.36522,0.02538,0.04228,0,0.09112,0.11097,0.14515,0.06835,0.11767,6.76084,0.12683,0.09908,0.02293,2.76741,0.04416,1.56458,0.03025,2.24816,0,0,0,6.77358,0.01178,0.06904,0.0032,0.00071,0.00381,0,0,2.84397,0.00478,0.00553,0.00415,60.18293,0.00863,4.55385,0.00684,5.58011,0,0.00247,0.00777,0.00077,0,0.00208,0.00183,1.8649,43.20589,0,0.00393,0,0,0.0014,0,20.51694,0.01576,0,0,0,0,0.41236,0.00206,0,0,0.01427,19.23872,15.43292,0.00056,0,0.9898,0.00191,21.85763,0.01969,0,0,6.0733,0.00192,1.29517,0.53224
s__Akkermansia_muciniphila,0,17.81626,0.25976,0,0,0,0,0,0,9.16923,0,3.69275,0,0,5.60097,0,1.64151,46.35482,0,9.51079,0,39.07223,19.62098,0,0.43216,0,0,0.18192,0,0,0.26059,2.81013,0,2.31505,3.36957,0.42971,0.71766,0.09637,0,0,0.22483,18.10385,10.01965,0.25086,29.24929,0,8.45392,0,0,1.06639,12.84727,10.60903,11.50015,0,0,5.7104,0,10.52114,0.08946,2.30738,0,0,0,2.66766,0.39062,1.03082,1.02447,2.9429,0,1.17012,1.72066,1.50138,0,2.00683,0,2.13463,0.01131,0.05378,0,0.02088,15.3403,0,1.5641,0.01748,1.14929,0.95863,2.86342,0.57587,2.17397,0.14539,0,0,0,18.97918,0,0,0,0,1.75043,0.00737,0.91177,0,0,5.60572,1.34681,0,13.50856,0.04072,0,0,1.16625,0.1877,0,0,0,1.67369,0,1.54926,0,5.56901,0,0,0,0,0,2.79723,0,0,7.51996,0.336,0.5862,6.1134,0.60787,0.7677,5.09732,0,0,0,0,0.05498,3.03393,0,0,3.68348,0.30414,0.06194,0,0,0,0.95769,0,4.37292,0,0,0,0,0.68454,0,0,0,0.63186,0,2.27374,1.4944,1.88414,1.13974,0,0.09602,1.6871,0,5.24117,0,0,4.71222,0,0.27533,0,0,0.65162,0.92233,0,0,0.19975,0.94147,1.51533,6.68455,0,0.0221,4.33465,2.39066,14.13518,0.23988,2.43392,0.62132,0.17291,0.77202,0.00909,0,0.02204,0,1.013,4.36095,14.8644,0.20901,0.48462,0.23843,0,5.77531,0,0,1.76094,0.23787,0,0.22516,0,4.85252,0.21478,0,6.80845,0.02036,0,0.00443,0,0.01536,3.62892,1.8244,5.62601,6.57792,0.15849,0.00897,0.70202,2.50813,6.73245,0,0,0.00285,0.01049,0.00451,0.00819,0.00389,0,0.5367,0,0,0.04073,5.01833,0,0.00291,4.75611,0,0,0,0,0.40173,0.00376,0,0.01653,0,0.14639,0.00374,1.37412,0,0,0.31966,2.91244,0.02572,0,0,0.74014,0.1674,0,0.49057,0,0,0.72381,0,4.86748,0,0,0,0.05293,0.00117,0.89028,0.14229,0.10151,0,0,0,0.13718,2.95653
s__Collinsella_aerofaciens,6.48956,3.00949,11.31022,20.20592,22.91825,4.18036,1.50944,5.40292,6.08998,8.85303,1.66136,4.55718,6.43232,0,8.16399,1.65886,0,0,25.83325,1.09062,0,2.2327,0.78155,0,7.27267,0,6.02002,0,2.41254,2.89423,10.12866,5.70071,0,5.92569,7.86598,3.14044,0,3.40441,7.8371,0,10.02557,1.56821,0,6.23901,0,0,7.12519,0.83809,20.47152,0,9.01848,10.73264,0.90431,18.97955,2.24587,0,1.99413,10.23543,0.23373,0.66325,1.37227,0,2.62271,0,0,1.87913,0,0,4.05419,1.24208,1.73425,2.42918,5.92543,0.55138,0.19365,0,7.7316,0.22332,0,4.54577,0.87113,2.9738,1.17507,2.41179,0,0,0,0,2.00205,5.1316,0,1.25382,0,4.50538,0.87029,0,0.20044,2.02331,1.64826,0,2.02715,0.20372,0,0.7353,1.58551,0,1.80829,0,3.18037,0.6479,0.05727,0,0,0,1.3582,4.64583,2.86712,1.14742,0,0.75775,0,8.76604,2.95536,0.11538,1.77155,1.23442,0.13762,0.68113,2.67553,0,1.47646,0.16633,0,0,0.3312,2.68294,0.48996,1.53008,0.06077,7.68819,0.31192,0,0,1.04796,0.21831,0.59919,0,0.17387,0.62536,0.29252,1.27388,1.30341,0.69673,0.31168,10.6127,1.13619,0.63511,1.76885,0,4.66365,1.51983,1.50628,0.01708,1.95254,3.81428,2.31255,1.16995,1.67354,1.1552,3.21487,0,0,0,0.50103,0.44433,0.83941,2.23049,1.75205,1.95796,0.8391,2.2449,1.79376,0,3.30817,0.9826,1.3508,0.95934,0.49767,1.0469,0.15753,0,0,1.03964,0.10813,1.85905,0,0,1.31928,0,0.39047,0.65538,0,0,0.17968,3.24569,1.84441,1.3271,2.56791,1.41348,1.45661,0.6478,1.03198,0,0.36823,2.28274,3.04091,1.61512,0,0,0,0.57215,2.98794,0.52655,0,1.69852,2.32626,1.49333,2.36902,0,0.01786,0.64118,0.90888,1.20227,2.26135,0,1.82147,0.12185,0.60965,1.70458,0,0,0.66438,5.01745,0.32761,1.50082,0.16042,0,0.99925,2.12041,0.78487,0.70542,0.53013,0,0,0.64737,1.06776,0,1.37389,0.12532,0,0.03307,0.49461,0,2.34769,0,1.87657,2.73532,0,0.35433,0,0.59506,0.19892,1.25991,0.61245,0.20303,0,0.65134,0.92242,0.22749,0.0534,0.17684,0.40863,0.77072,0.21773,0.43827,0,0.58303,0,0.95621,7.70239
s__Eubacterium_siraeum,1.08281,2.0604,0.19788,0,0,1.02365,0,0,0,0,0,5.19637,1.6634,0,0,0,0,0,0,3.28543,0,1.03548,0.19831,0,8.21529,0,1.30768,0,0,0,0.08856,0.25276,0,5.45605,0,0,0,0.04387,1.67394,0,0,1.78786,0.25347,0,0,0,0,0.10038,0,2.18702,0.09687,0.17259,0.08924,0.08684,1.17802,0.32536,0,0,4.9101,0,0.04485,0,0,0,0.41549,0,0,1.03324,0,0.78613,0.00278,0,0,0.13692,0.08887,0.18206,0.43442,0.41749,0,0,0,0,16.14056,0.5607,0.60597,0.22376,0.39983,0,0,0,0.23163,0,0,0.08599,0,0,1.02066,2.76547,4.09803,0,7.95786,1.29038,0,0.15602,1.4296,1.6429,0.99522,0.04922,0.71743,0.00651,8.91687,0.04179,0,0.09601,0.82409,0,0,0.03355,0,1.80281,0,0,5.85657,0,0,0.17681,0.19854,0.32389,4.56296,0.14989,4.25405,10.55385,0.03019,0,1.17446,0,1.13282,0.06936,42.29542,0.84322,3.216,1.34508,0.09162,0.03329,5.64329,0.25052,1.98145,7.96457,0.95875,0,2.68407,0.57689,0.17013,13.12228,0,0.01254,2.29141,1.37557,0.27351,0.03206,0.67567,1.07054,0.62259,15.94059,0.11479,0.09901,0.76905,38.00795,2.12065,0,0,0,0,1.13287,0.87624,0,0,2.48736,11.66175,0.62784,0,0.09823,6.09937,0.25371,0.08331,6.31438,0,30.07003,10.44142,2.67172,0.07604,0.55465,22.95257,0.04901,0.61004,0,0.01081,0.45786,7.95684,1.34269,0.65551,13.87946,0.9123,8.69674,0.97621,0,16.68625,0.07123,5.20882,0.00465,0.0277,0,9.25089,0.19515,0.31233,0.07398,9.39501,10.36847,43.03129,0.04926,0.1169,0,37.04305,0,1.79849,0.1039,0,3.10327,0.36189,0.08241,0,0.48435,0.08274,0.1614,0.00524,0.10236,0,0,0,0,0,0.65512,0.00073,0.00058,0,0,0,0,1.79707,0.13651,0,0,0,0,0,0.37009,0.77279,0.25134,0,0.66861,0,0,0.95009,0.00262,0,0,0,0,2.65363,0,0,8.40483,0,0,0.04214,0,0.22635,0.02292,0.00888,0,0,0.2426,0.23301,0,0,4.88703,0,0,0,0.12232
s__Bacteroides_stercoris,0,0.00638,0,0,0,0,0.02613,0,0,0,1.12833,0,0,0,0.60758,0,0,0,0,0,0,0,0,0,0,0,0,0,0,0,0,0,0,0.96548,0,0,0,0,0.02015,0,0,0,0,0,0.00925,0,0,0.01209,0,0,0.60001,0,0,0,0,1.81069,0.76877,1.38077,0,0.80589,0,0,0,0,0,0,0,1.59469,0,1.49247,0.63243,0,0.22186,0.91492,0,0,0.3152,2.14434,2.83645,0.90193,0,0,0.00506,0,0,0,0.2538,0,0,0,0,0,0,0.00847,1.32255,0,1.15106,4.91802,0,0,0,0,0,0,0.40464,0,0.28886,2.18246,2.64883,0,0.5784,0,0,0.01479,0,0,0,0,0,0.42008,0,0,0.0353,12.72623,1.73078,0,0.23844,0,0.00439,0,7.42805,0.98132,0,0,4.86136,0,0,0,0.00998,0.06299,0,0,0,0,0.31824,0,0,0.12312,0,0.17231,0,4.17035,3.31408,0,0,8.39187,1.2598,0,1.41606,0,0,0,0.03109,10.03226,0,0,0,0,0,29.44263,0,0,0,0,2.69601,0,1.10027,0.77711,0,1.02209,0,7.5147,0,0,0.04002,0,20.84994,3.93609,0,0,0,17.09836,0.80019,0.18151,0.58517,4.12575,0,0.11622,3.30012,0.06786,1.77229,0.2121,0.06386,1.53213,1.27622,10.50103,0.05574,0,11.94617,0.07351,3.62064,0.1624,0.23533,0.59239,10.74882,0.09976,8.53001,0,0.01818,23.13573,7.63264,0.07803,0.2658,0,0,0.28403,0.12744,0.12764,0,0.31113,0.18829,0,0.00873,0.93278,17.47871,2.98416,23.04795,24.2929,3.87086,0.03741,0,0.11273,26.41678,0,1.27365,0.16435,0,0,0,0.50311,11.43715,0,0,2.9181,0,1.33347,0,0.37377,0.14485,0,0,0.07508,0,0.67785,0,0.2096,0,0,1.35839,0,5.30619,2.04314,0.11768,1.09739,7.49977,3.27075,0.17157,0.84885,0.00019,0,0,7.73128,0.07039,0.01319,0.97459,10.18516,0.24534,2.65198,0,0.1493
s__Eubacterium_eligens,0.03487,0.00769,0.17297,0,0,0,0,0.01175,0,0.09336,0,0.57757,0,0,0.18229,0,0,0,0,0.93775,0,0.42962,0.05318,0,0,0,1.37928,0,0,0,0,1.40889,0,0.03081,0,0,0,0,0,0,0,0.10197,0.09073,0,0,0,0,0.20938,0,0.48882,0,0,0.39831,0,0.40389,5.41807,0,0,0.02294,0,0,0,0,0.31238,0.35552,2.33844,0.02792,0.46404,6.08693,1.16476,0.87822,1.03937,4.63028,0.48168,19.64961,0.60301,1.68016,0.70736,2.94794,0.95006,0.88283,0.17644,4.24889,0.0746,2.75761,1.07983,7.72298,0,0,0.12739,2.89555,2.27132,0,0.00496,0.00737,0,3.98646,3.86186,0.02321,2.02533,0.42924,1.90947,0,2.32765,1.53405,1.59191,4.99739,0.10274,2.65915,1.67076,5.72484,0,4.81637,2.42082,0.59699,0.39742,0,4.72947,0,1.03249,0.88671,0,1.18735,2.05041,0.39381,0.11133,0.48988,0.1059,2.19783,2.52575,0.08126,1.43815,0.62668,0.02934,1.87797,0.51383,1.09265,0.33237,0.25953,0.93152,0.38397,0.32077,0.4986,0.51829,2.4704,0.4231,0.62507,0.22314,0.18828,1.01925,11.71027,0.43697,0,0,0,0,0.1341,0,1.15691,0.21717,0,0.33995,8.4713,1.48018,0.99432,0.17871,0.91885,1.55853,0.42596,0,4.64039,3.5985,0,2.67088,3.38514,0.20746,0.64549,0.10019,0,0.26614,0.74346,0,3.66349,0.98639,5.45924,0.30627,0.28649,0.67567,0.19112,8.1829,4.94112,2.31017,0.15642,0.74967,0.64331,0,0,0.71529,0.19485,0.03346,1.54981,0,1.1838,0.99252,0.37608,3.74448,2.3633,0,2.21482,0.03059,1.1801,1.84222,1.60972,3.05202,0.12799,0,3.83333,0.89241,1.196,0,0.06431,0.00806,0.92182,0,1.25349,0.15228,0.88901,0.35983,0,0.43068,0.45061,6.64608,2.71925,1.16558,0,0.57873,1.42871,4.54205,2.05881,0.00483,1.5711,1.05745,0.02158,0.05951,5.34692,0,0,0.09603,0,2.32069,0,2.45847,0,0,7.35141,4.02226,1.33679,0.25734,3.00121,0.0845,0.31615,6.35844,4.71698,0.04848,0.09402,4.11716,1.38875,9.04752,8.63908,0.00026,20.52089,6.56285,8.84136,1.67006,2.22694,0.34091,4.481,3.92892,0,5.37492,1.25637,2.7422,16.55135,14.87136,5.72865,5.08159,1.92284,0.00117,0.5043,0.59593
s__Coprococcus_sp_ART55_1,0,0,0,0,0,0,0,0,0,0,0,0,0,0,0,0,0,0,0,14.95997,0,0,0,0,0,0,0,0,0,0,0,13.443,0,0,0,0,0,0,0,0,0,0,0,0,0,0,0,0,0,0,0,0,0,0,0,0,0,0,0,0,0,0,0,0,0,0,0,0,22.41061,0,7.02518,0,0,0,12.26171,0,2.48256,0,0,0,0,0,0,0,10.71635,0,0,0,0,0,0,11.41417,0,0,0,0,17.67689,0,0,0,0,0,0,0,10.70401,0,0,5.38366,0,0,2.39994,0,0,0,0,0,0,0,0,2.85531,12.70392,0,12.87768,2.82591,0,0,0,0,5.43576,0,0,0,0,0,0,0,0,0,0,0,0,0,0,0,0,0,0,13.90087,0,0,0,0,0,0,0,0,0,0,6.26422,0,0,0,4.47166,0,4.96088,0,0,0,0,0,0,0,0,24.64819,0,4.57135,0,0,0,6.97418,0,0,0,14.47605,0,0,0,0,0,0,0,2.74068,0,0,0,0,0,4.81289,0,0,0,0,0,0,0,0,0,0,0,0,12.01639,0,0,7.94375,0,0,0,0,0,0,0,0,3.83462,0,0,0,0,0,0,0,4.07811,0,6.52842,5.29668,0,3.70369,0,0,0,0,0,1.058,0,0,0,0,0,0,0,0,0,0,0,0,9.78348,0,0,3.75967,7.48497,0,0,0,0,0,0,0.33668,0,0,3.7644,0,0,7.43639,0,0,1.67689,0,5.46642,6.3677,0,0,0.23765,0.12524,0.41422,10.72039,1.20033,1.76517,0,0,0,0
s__Ruminococcus_torques,1.00261,0.65358,4.93678,0,3.10402,0,0,0,0,0.36584,1.09663,4.54766,0.30142,0.33443,1.42307,3.26549,0.59046,1.82368,0,0,0,1.60594,3.39478,1.03121,0,0.4451,0,0,0,1.55677,2.30786,0,0,1.97578,0,0.89093,0.66132,1.17644,0.2635,0,1.53435,10.77605,1.59627,0.30719,0.48642,0,0.46613,0.61799,0,0.99453,1.50973,0.85704,0,0.74352,0.64967,1.99324,0,1.61363,0,0.88706,0,0,0,0.78901,0.69673,3.46502,2.15266,0.93785,0.76421,2.11211,0.81322,2.11725,2.95483,0.45039,0.24338,0.58248,0.73081,1.0519,2.72517,5.42845,0.13225,0.12992,3.27471,0.09241,1.42332,1.21231,0.31367,2.71958,3.05424,3.4784,0.2061,2.56477,2.77791,2.09949,3.6232,8.19124,2.71331,0.59097,0.98523,1.25769,7.24452,1.3336,1.26618,1.38708,3.73962,0.43059,2.63562,0.65074,2.22829,3.06169,0.12552,4.53812,0.8649,0.32371,3.97517,1.02412,1.73906,0.87697,3.90809,0.2646,0.79289,2.91556,2.77,1.1838,0.19858,0,0.33559,0,0.87571,0.819,0,0.69872,1.47528,0,0.32545,0.4591,1.05148,0.54016,0,0.7595,0,1.17847,0.91709,0,1.08172,0.68975,0,0,0.43261,0.12943,0.36432,0.33057,0.95752,0.56644,4.30788,0.16279,0.7708,0.78029,0.40933,1.13847,0.2426,1.61741,0.26535,0.25195,0.24767,1.63849,0.96848,0.52062,0.24423,0.38718,0.3987,0.49927,2.96105,0,1.14731,0.92703,0.75636,0,1.51956,0.1118,0.402,0.38457,0.54742,0.48825,1.39593,0.65019,0.30511,1.00703,0.6313,0,0.87438,1.7165,1.42641,0.6445,1.74382,0.38141,1.36194,0.62335,1.32982,2.80742,1.63961,1.88413,0,0.287,1.63532,6.53151,1.25203,1.18853,1.71965,5.43953,0,0,0.27668,0.37246,0.16163,0.76708,1.17155,2.62283,0.38388,1.0635,0.55417,0.91043,1.81457,0.69353,0,0,0.51871,1.34989,3.51983,0.97881,2.08534,0.25488,0.42752,0.49016,0.85417,0.14613,0.48867,0.00867,0.48145,1.36738,0.43587,2.40243,2.14435,0.1082,1.53821,0.23831,2.08514,0.33172,0.35689,0.54202,0.09487,1.58575,0.05339,1.00051,1.42186,2.27887,0.66113,2.58941,0.46514,1.18966,2.76745,0.49638,0.20966,1.71844,1.40344,0.54537,2.76739,2.35562,0.16865,0.62536,1.60093,0.2336,0.18125,1.18714,0.42086,1.69463,0.17144,0.75556,0.15327,0.04513,0.76688,1.5524,5.68032,1.17287,1.45571,0.68755,5.69553,0.32211,2.91876,5.2484
s__Roseburia_intestinalis,1.44967,1.28383,1.93558,0,0,0,0,0.22175,0.35706,0,0.11476,0,0.01591,0,0,0,0,1.61849,0,0.2245,0.08384,0.88256,0.05024,0,0,0,0.12568,0,0,0,0,0,1.09589,2.59358,0,2.20442,0.01199,0.90494,0,5.20377,0,0.93405,0,0,0,5.18621,0,0,0,0.58955,0.16136,0,0,0.39266,0,2.31499,0,0,0,0.5898,1.8032,0.68906,0,0,5.83931,1.0838,4.18047,0,1.69582,0.78275,1.8421,0.48866,6.16452,0.33369,0.68008,0,0.01475,1.90561,0,0.02837,0,0.25592,0.19769,0,5.0304,0.1978,0.00282,0,1.93553,0.73921,3.86778,0.4259,0.22363,0,5.13934,0,1.34112,3.50319,0,3.22518,4.71662,0.53752,0,0,0.45659,0.17889,0,3.88958,0.08106,1.66608,0.02953,2.54684,0,0.05153,0,0.22777,0.39986,0,0,0,0.31201,6.0449,0,3.31761,3.72358,0.63275,5.7856,12.59345,0,2.37102,0.11914,0,1.77178,4.97405,0.03427,2.30793,0,0,0,1.18281,0.18315,0.29082,0,1.28326,9.01579,2.3307,1.07793,2.01199,0,0.18397,2.05167,0,9.66643,0.47486,0.08538,3.93097,0.08824,1.97617,0.11667,0,1.44216,0.0367,7.03971,0,3.17407,0.90804,2.1665,0.70665,0,0.1216,2.94076,12.89353,4.15282,0.30895,3.82893,5.56707,3.43313,2.00104,0,0.24835,3.50007,0,10.06105,1.28872,0.2572,8.65354,2.49737,1.75925,0.3846,0,2.17905,0,0,1.76482,0,2.57275,0.96425,0.04333,0.19718,2.03153,0,2.86886,0,0.00383,3.70769,0.01473,3.15827,0.38514,0,0,0.76341,0,0.34405,0.36383,1.41308,0.0412,0.00439,4.57461,0.0337,0,1.21403,0,0.09803,0,0.43155,0,1.6238,0,0.01396,0,0.00551,2.46129,0.06738,0.89086,0,1.69495,4.44024,0.00088,0.01269,0,0.84974,0.12709,0.22345,0,0.63118,0.01562,0,0.01258,0,2.33469,0,0,0,0.39141,1.89311,1.75329,0.11299,0.4933,0.79153,6.192,0.50404,0.02158,0.02534,0,0.00087,1.69238,4.90614,0,1.3928,0.29216,0,1.18765,1.31007,0.08822,1.21606,0,0.55823,0.37875,0,3.14927,0.05974,0.0914,0.30649,0.03428,0.67575,1.64292,0.00102,5.74929,1.54409,0.4355
s__Dialister_invisus,0,0,0,0,0,0,21.46143,0,0,0,0,0.03584,0,0,10.32809,0,0,0,0,0,5.88852,0,2.73841,0,0,0,0,0,0,0,0,0,0,4.69625,0,0,0,0,0,0,0,0,0,0,0,0,0,0,0,0,2.79337,0.53527,0.38146,0,0,0,0,0,1.05464,14.6941,0,31.8308,0,0,0,11.57562,0,1.15433,0,0,3.89029,0,0,0,0,0,0.10185,0,0.91522,0,0,0,0,0.17465,4.06548,0,9.18108,0,0,0,0,0,0,0,0,0,0,0,0,0,0,0,0,0,0,0,0,0,0,5.67578,0,0.48911,0.46086,0,3.29555,1.51485,1.90762,0,0,0,2.44085,13.01615,0,0,5.24196,0.34278,0,3.18111,0,5.26404,1.29749,0,0,0,0,9.70989,0,0,0.31529,0,0,3.88821,8.56937,3.97588,0,2.83253,3.01826,0,0,0,0,0,0.37949,0,3.22481,0,9.31393,0,1.03716,0,0,0,0,0,4.25672,2.52494,0,0,0,4.35531,0,0,0,1.05629,0,0,0,0,7.2609,2.85527,0,4.62295,7.28421,4.48097,0,0,0,0,0,4.33173,0,0,0,0.20845,0,0.6804,5.82527,0,0,0,0,0,0,0,0,0,0,0,0,0,5.9455,0,0,0,0,1.40247,0,4.02493,0,6.14266,0,5.69535,0,0,0,0,0,0,0,0,0,4.57423,0,12.16302,1.46614,1.82777,0,0,0,0.06613,0.02619,0,0,0,0,0,0,0,0,0,0,0,0,0,0,0,0,0,0,7.54192,0.83254,0,0,0,0,0,0,0,0.09435,0,0,0,0,0,0,0,0,0,3.84069,0,0.0044,2.13857,0,0,8.53946,0,0,0,0,0
s__Bacteroides_dorei,0.53905,0,0,0,0,0,0,0,0,0,0,0,0,0,0,0,0,0,0,0,0,0,0.14605,0,0,0,0,0,0,0,0.07862,0,0,0,0,0,0,0.10199,0,0,0,0.54434,0,0,0,0,0,0.26449,0,3.95532,0,0,0,0,0,0,0.42752,1.21812,0.60205,0,0,0,0.18861,0.08422,0.12818,0.30939,0.34565,0,0,0,0.00301,0.85467,0,0.22854,0,0.22308,0.59349,1.56041,0,0.51321,0.06922,0.26415,5.81004,0,3.69431,0.20033,0.48547,0,2.71961,0.0062,0,0.03184,0,0.18645,0.53491,0,1.37662,2.92009,3.49418,1.71714,0.42927,0,27.88856,0.06136,0.17236,13.55187,1.19177,0.38769,0.34228,2.15514,0.0206,0.80081,1.596,1.70657,2.14977,1.21666,0.01598,0.0436,0,0.66849,2.13094,3.84505,0.35671,3.25829,0.00533,0.76058,0,0,2.50355,3.73391,0.41409,0.0378,0.29618,13.07871,0.02664,0,0,0,0,2.15548,2.11351,7.51255,0.73678,1.83323,1.73186,5.91341,12.56622,0.33821,0,0.6397,0.284,0.37057,0.92543,2.57916,1.17143,0,3.56597,1.75217,0.99001,3.3097,0,0,0,0.30719,6.03206,1.02635,1.13645,0.26907,3.46744,0.10989,0.16741,0,0,0.36938,2.33632,0.16132,0,0.31385,0.0526,1.87032,0,4.94966,0,1.81791,8.73709,11.57461,0.40541,3.15831,1.77959,4.17381,0.08396,0,2.72939,4.12636,0.15106,0.45029,19.89459,0.17718,1.24923,0,0,0.05157,2.6997,0.61195,0.11102,0,0.39145,0,1.29263,0,0.085,0,0.16975,0.40143,0.1158,1.53343,0,0.02054,0.11301,3.25012,0.9689,0,0.54197,0,0,0.30015,12.2597,0,0.03369,2.79772,0.07539,0.07194,0.04477,0.04624,0.27641,0.23063,0.01097,0.00799,1.58171,0.00544,0,0.06202,0.00281,0.00535,0.01825,0.00682,0,0.00163,0,0.03862,1.99187,0.09442,2.3482,0,0,0.04269,0,0.00279,0.00956,0,1.81326,0.37608,1.46615,0.12906,0.73459,0.00471,0,0,0.99528,1.55547,0,0.00105,0.2235,0.206,0.45132,0.00162,0.0105,0.17444,3.4691,10.68429,0,1.27646,0.16814,0.00773,0.47674,0.13171,0,0.00268,0.28861,0.00354
s__Butyrivibrio_crossotus,0,0,0,0,0,0,0,0,0,0,2.83953,0,0,0,0,0,0,0,0,1.49935,0,0,0,0,0,0,0,0,0,0,0,0,0,0,0,0.58108,0,0,0,0,0,0,0,0,0,0,0,0,0,0,0,0,0,0,0,0,0,0,9.15576,0,0,0,0,0,0,0,0,0.01336,8.09237,0.54171,0,0,0,0,0,0,0,0,0,0.00677,0,0,0,0,0,0,0.02793,0,0,0,8.8565,0,0,0,0,0,3.40987,0,0,0,0,15.85635,0,15.24726,0,1.58735,0,0,5.74838,0,0,0,0,26.29386,0,0,0,1.12559,0,0,0,0,12.85683,0,0,0,0,0,0,0,0.38974,27.10319,0,0,0,0,0,0,0,0,0,0,19.49154,0,0,0,0,0,22.35538,0,0,0,0,0,0,0,0,1.11934,5.422,0,0,0,0,0,4.15333,0,0,2.77217,0,0,0,0,0,0,0,0,0,0,0,0,0,0,0,0,0,0,0,0,0.02415,0,0,0,0,0,17.9059,0.00319,0,9.02363,11.9873,0,9.53788,0.03346,0.0435,0,0,0,0,0,0,0,0,0,10.73108,0,0.01225,0,0,0,0,0.08363,0,0,12.17017,0,0,0,0.04157,0,0,0,1.28197,10.64989,0,2.39529,0,0.01083,0,0,0,0,0,0,0,0,0,0,0,0,0,0,0,0,0,0,0,0,0,0,0,0,0,0,0,0,0,0,0,0,0,0,0,0,0,0,0,0,0,0,0,0,0,0,0,0,0,0,0,0,0.55929,0
s__Eubacterium_hallii,3.4014,2.48984,2.85984,0,2.77931,8.13654,0.14883,6.69345,0,0.90149,0.98229,1.58174,1.46144,0.75602,4.81811,4.39928,4.79601,0.46543,0.02222,1.89582,3.87148,2.48787,5.55772,2.33006,1.29666,4.28635,0.87219,0,1.80805,0.27869,3.74957,3.57015,3.61192,1.28152,0.34271,0.14862,2.71614,0.91224,1.10081,0.7374,13.06303,5.0539,11.80335,3.3816,0.53015,0,0.95687,1.04064,2.63596,0.19834,1.75038,1.50629,0.35502,8.78969,0.07366,0.51069,0,7.79385,0,0.68869,0,2.00467,0.74162,1.7973,0,0.46407,0.65692,1.97548,1.70065,1.52956,1.49406,1.66028,0.65904,0.87245,0.05329,2.09699,3.66932,0,0,3.28327,1.09337,1.08739,0.9164,0.15112,1.56633,4.10568,0.08193,0.55113,0,8.55399,0.07821,1.26206,8.21232,0.04839,0.95555,0,0.5399,0.14267,0.51575,2.05243,2.03091,0.38587,0,0.532,2.03895,0.06548,1.493,0.48321,0.64913,0.40053,0.32007,3.12143,3.69736,0.21781,3.28138,0.09114,2.01907,1.19032,0,0.80089,1.33117,0.95915,2.24198,0.46634,0.03994,0,0,1.87319,1.22043,0.29263,0,0.83063,0.44917,0,0.18176,2.12633,1.45754,1.04248,0.07341,0.91685,0.13791,0.2365,0.01621,0.04806,0.02701,0.83151,0.04601,0.11625,2.19653,0.1235,0.86741,1.01395,0.54192,0,0.34929,0.04728,0.10317,0,0,0.06338,0.59407,0.58168,0,0.88835,0.33588,0.14129,0.10332,0.18412,0.2345,1.90225,0.01165,0.49173,0,0.92179,0,1.60839,2.40371,0.07183,1.26013,0.06341,0.0833,0.06021,0,1.2192,0.1005,0.8392,0.07189,0.02161,0.02861,0,0.38918,0.49586,0.06288,0.14998,0,0.07118,0.13408,0.00615,0.16433,0,0.12563,1.48793,0.37092,0.42382,0.40581,0.26223,0.08731,0,1.2041,0,0.03309,0.27474,0.1042,0.14831,0,1.54947,0.45364,1.03797,0.05423,1.49949,0.2363,0.03821,0.00658,0,0.06716,0,0.75901,1.96728,0.06645,0,0.35348,0.1595,0.7632,0.60079,0,0.02542,0.00961,0.06065,0.24946,0.64066,0.40263,0.24523,0,0.06773,1.49649,0.14672,0.03012,0,0.78755,0.60749,0,0.1903,0.02738,0,0.78021,0.07584,0.22311,0.5528,0.14036,0.17212,0.14341,0.03192,0.27246,0.27205,1.04822,0.42016,2.10841,0,0.22695,0.00622,0.28903,0.03526,0.54138,0.10695,0.07308,0.77264,0.27399,0.05374,0.09106,0.20652,0.00848,0.15744,0.36165,0.19242,0.78346,0.08473,0.18497,0.01666,0.56024,1.98466
s__Parabacteroides_merdae,0.94096,0,0,0,0,0,0,0,0,0,0,0,0,0.16232,0,0.04324,0,0,0,0.14468,0,0,0,0,0,0,0.11667,0,0,0,0.30112,0.03227,0,2.64361,0,0,0,0,0,0,0,0,0,0,0,0,0,0,0,0,0,0,0,0,0,0,0,0.046,2.53126,0.91235,4.16016,0,0,0.51844,1.1259,0.42756,0.56438,1.16139,0.14205,0.47203,0.68397,1.5247,0.20155,0.38926,1.08916,1.15767,0.91794,2.81408,0,0.81558,2.54153,0.47795,3.50616,0,0,0,0.37749,0.03514,0,0.3097,1.09025,0.0631,0.12032,0,0,0,4.5201,1.29294,0.2059,0,0.67151,0,0,0.64176,2.12559,0,0,1.08632,0.23783,0,0.99317,0,0,1.44206,0,0,0.34677,0.08643,0,0.09312,0.46134,0.35695,0,0.10898,0.84658,0,0.45173,0,1.55969,0,0,0.56631,0.49662,0,0.45361,0,1.36232,0.16353,1.13164,3.14048,0.16739,4.4503,3.66397,0,2.4445,1.11131,0,0.75498,0,0.11544,0.01078,0.58145,0.97726,2.45886,1.35152,3.32642,0.97462,0.92171,0.03616,0.36682,1.31658,0,0.1069,2.78244,0,4.95195,1.25617,0.25161,0.74786,0,0.99767,0,45.69139,0,0.2867,0.82099,0.25826,0.05574,2.54235,1.16585,1.07665,1.15723,1.88426,2.07728,1.46835,0,0.61134,0,0.55881,3.92899,0,3.36062,0.85615,0,1.50484,0,0.06306,0.18479,0,0,1.44319,0,0.40819,1.10011,0.87753,0.0637,0.18173,0.30375,2.64118,0,0.85143,5.9037,0.53924,0.74514,1.97654,0.87799,0,0,2.10107,0,2.71876,0,1.05215,20.30227,0,0.15643,2.79215,1.51365,0,0.75086,1.82375,0.00833,0.20543,1.47281,1.81156,0.63852,0.23721,0.01321,0.15805,9.40402,0.13251,0.25962,18.05534,0,1.80723,0.88362,0,0,0.03435,4.87297,0,1.16282,0,2.18603,0,0.74502,0,0.51955,0.66859,0,4.95455,0.13644,0,0.16284,1.0038,1.114,0.01052,0,1.43509,0.44446,0.3845,0.04459,0,0.08073,0,0.00273,1.10402,0.4827,0,0,0.01059,2.66093,0.29327,1.18855,3.67153,1.07447,0.59755,0.13144,0.11884,0.00083
s__Ruminococcus_sp_5_1_39BFAA,0,0,0,0,0,0,0,11.77062,0,0,0,0,0,0,0,0,57.87062,0,0,0,0,0,0,0,0,0,0,0,10.78404,0,0,0,0,0,0,0,5.96396,0,0,20.32084,0,0,0,0,0,34.466,0,0,0,0,0,8.38838,0,11.66515,0,0,0,0,0,0,0,19.61703,0,0,0,0,0,0,0,6.10829,0,0,0,0,0,0,1.77778,0,8.04739,3.81465,0,0,0,0,0,3.64607,0,0,0,10.00841,0,4.04099,3.68558,0,0,0,0,1.83331,9.07916,1.48357,0,0,0,0,3.44065,0,0,0,0,0,0,0,7.94519,0,0,0,3.31275,0,0,0,0,0,0,0,0,0,0,0,0,0,0,0,0,0,0,0,0,0,0,0,0,0,0,0,0,0,0,0,0,0,0,0,0,0,0,0,0,0,0,0,0,0,0,0,0,0,0,0,0,0,0,0,0,0,0,0,0,0,0,0,0,0,0,0,0,0,0,0,0,0,0,0,0,0,0,0,0,0,0,0,0,0,0,0,0,0,0,0,0,0,0,0,0,0,0,0,0,0,0,0,0,0,0,0,0,0,0,0,0,0,0,0,0,0,0,0,0.26283,0.41546,0.18887,2.05486,2.63534,0.66314,2.3412,0.44745,0.25669,0.22597,0,0.64926,0,0.9132,0,1.60876,0,0.43868,0,0.49599,0.46493,0.79338,0.29038,0.8899,0,0,0.59981,2.52111,1.09918,0.67539,1.678,0,0,0,2.82644,0.30926,1.41666,0.94273,0.37266,1.08913,0,0.36213,0,0.18497,0.12391,0.54939,0.39644,0,0,0.24467,0.99339,1.04721,0.30137,4.45344
s__Bacteroides_ovatus,0,0.01747,0,0.00824,0,0,0,0,0,0.11701,0.05609,0,0,0.90148,0.58698,0.01909,0,0.15865,0,0,0,0,0,0,0,0,0,0,0,0,0,0.03866,0,0.43445,0,0.01599,0,0.10411,0,0,0,0,0,0,0.04266,0,0.00817,0,0,2.28507,0.11084,0,0,0,0,0.95273,0.02119,0,0.01692,0.17822,0,0,0.2583,1.21076,0.52936,0.3994,0.35579,0.04701,0,1.51533,0.06205,0.67729,0.06114,0.03314,1.05348,0.04541,0.23312,3.36641,0.14857,0.03328,0.54125,1.04364,0.38393,0.01439,0.00309,0,0.19747,0,2.13159,0.28622,1.43472,0.03889,0.09293,0.49653,0.93663,2.5354,0.54941,3.88744,0.40101,3.21783,0.30637,0.02861,5.74893,0.06619,0.32761,1.17978,0,1.50679,0.15012,0.66946,0,0.23322,1.98727,0,0.36448,5.35727,0.06561,0,0.03295,0,0.26084,0.55269,0,0.3105,0.11778,0.01514,0,0,0.06913,1.57574,0.26098,0,0,0.4578,1.31006,3.91949,1.03041,0.28722,0.14788,0.48039,0,0.01293,0.15846,0.01208,0.03281,1.45416,0,0.5445,0,0.21382,0.61961,0,0.38273,1.13186,0.48075,0.29241,0.01327,0.20572,0,0.72349,0.5256,2.50346,1.43985,0.81602,3.87119,1.60593,1.6061,0.69583,0.27855,0.04982,0.14466,2.33749,22.17916,0.4306,0.18577,1.45503,0.41025,0.34685,1.54242,0.57629,0.48487,0.71576,2.31799,0.91818,3.96678,1.56116,0.24737,1.45034,1.29778,1.75736,2.33285,0.89075,0.52909,0,0.82005,0.42584,0.09656,0.07553,0.17702,1.52509,0.0771,4.73736,0.03624,0.29057,0.20336,0.00576,0,1.09011,1.39766,0,0.05968,0.73067,0.05178,0.34183,0,0.61393,0.8939,4.2475,1.39637,12.18882,0.31149,0,0.24869,0.10309,1.41072,0.11545,0.78855,1.63744,6.46997,3.12307,0,0.66645,0.60705,0.02654,15.71321,0.20478,1.5469,13.80361,1.18167,2.6548,0.02917,0.05576,4.46584,0.00211,0.09445,2.83716,0,0.66213,0.02827,5.00544,2.65037,0.79232,0.25829,2.50545,2.43318,0.23295,0.43264,0.3454,0.05287,2.54811,3.26366,0.03141,1.58645,0.33334,0.77226,0.06974,0.75812,0.29526,0.81741,1.57082,0.14864,1.38201,0.54577,1.00476,2.10432,2.08068,1.48449,0.07106,7.62739,2.19555,0.02072,0.56838,0.96647,0.10715,0.15253,0.75013,0.45461,2.10184,0.03932,0.00403
